_id,ISIN,TRADINGSYMBOL,CATEGORY,MARGIN,LEVERAGE
67ebfe0b6c041d0534de2935,INE883F01010,AADHARHFC,NON_FO,30.21,3.31
67ebfe0b6c041d0534de2936,INE767A01016,AARTIDRUGS,NON_FO,31.81,3.14
67ebfe0b6c041d0534de2937,INE769A01020,AARTIIND,FO,25.41,3.94
67ebfe0b6c041d0534de293a,INE358A01014,ABBOTINDIA,NON_FO,26.85,3.72
67ebfe0b6c041d0534de293d,INE055A01016,ABREL,NON_FO,37,2.7
67ebfe0b6c041d0534de294a,INE943P01029,AGARWALEYE,NON_FO,26.5,3.77
67ebfe0b6c041d0534de2952,INE418H01029,ALLCARGO,NON_FO,34.13,2.93
67ebfe0b6c041d0534de2953,INE270A01029,ALOKINDS,NON_FO,36.67,2.73
67ebfe0b6c041d0534de2954,INE371P01015,AMBER,NON_FO,39.13,2.56
67ebfe0b6c041d0534de2959,INE715B01021,ANDHRSUGAR,NON_FO,32.13,3.11
67ebfe0b6c041d0534de295a,INE732I01013,ANGELONE,FO,31.8,3.14
67ebfe0b6c041d0534de295b,INE294Z01018,ANUP,NON_FO,39.52,2.53
67ebfe0b6c041d0534de2962,INE266F01018,APTECHT,NON_FO,37.9,2.64
67ebfe0b6c041d0534de2967,INE034A01011,ARVIND,NON_FO,36.15,2.77
67ebfe0b6c041d0534de296d,INE022I01019,ASIANTILES,NON_FO,37.15,2.69
67ebfe0b6c041d0534de2975,INE406A01037,AUROPHARMA,FO,21.93,4.56
67ebfe0b6c041d0534de297c,INE238A01034,AXISBANK,FO,20,5
67ebfe0b6c041d0534de297f,INE933K01021,BAJAJCON,NON_FO,30.15,3.32
67ebfe0b6c041d0534de2985,INE050E01027,BALAMINES,NON_FO,33.05,3.03
67ebfe0b6c041d0534de2986,INE164A01016,BALMLAWRIE,NON_FO,35.24,2.84
67ebfe0b6c041d0534de2989,INE084A01016,BANKINDIA,FO,25.75,3.88
67ebfe0b6c041d0534de2994,INE922A01025,BEPL,NON_FO,36.39,2.75
67ebfe0b6c041d0534de2997,INE414D01027,BHAGCHEM,NON_FO,35.3,2.83
67ebfe0b6c041d0534de299d,INE340A01012,BIRLACORPN,NON_FO,30.86,3.24
67ebfe0b6c041d0534de29ac,INE596I01012,CAMS,FO,27.01,3.7
67ebfe0b6c041d0534de29b0,INE646H01017,CAPITALSFB,NON_FO,26.91,3.72
67ebfe0b6c041d0534de29b4,INE736A01011,CDSL,FO,27.9,3.58
67ebfe0b6c041d0534de29bc,INE488A01050,CHEMPLASTS,NON_FO,31.61,3.16
67ebfe0b6c041d0534de29c3,INE059A01026,CIPLA,FO,20,5
67ebfe0b6c041d0534de29c4,INE227W01023,CLEAN,NON_FO,30.31,3.3
67ebfe0b6c041d0534de29c9,INE552D01024,CONFIPET,NON_FO,36.14,2.77
67ebfe0b6c041d0534de29cb,INE007A01025,CRISIL,NON_FO,30.81,3.25
67ebfe0b6c041d0534de29ce,INE491A01021,CUB,NON_FO,29.8,3.36
67ebfe0b6c041d0534de29d1,INE016A01026,DABUR,FO,20,5
67ebfe0b6c041d0534de29d2,INE495A01022,DALMIASUG,NON_FO,36.87,2.71
67ebfe0b6c041d0534de29d5,INE950I01011,DBCORP,NON_FO,37.33,2.68
67ebfe0b6c041d0534de29d7,INE917M01012,DBL,NON_FO,36.65,2.73
67ebfe0b6c041d0534de29de,INE288B01029,DEEPAKNTR,FO,24.42,4.1
67ebfe0b6c041d0534de29e0,INE148O01028,DELHIVERY,FO,24.31,4.11
67ebfe0b6c041d0534de29e4,INE435G01025,DHANUKA,NON_FO,33.49,2.99
67ebfe0b6c041d0534de29e7,INE361B01024,DIVISLAB,FO,20.96,4.77
67ebfe0b6c041d0534de29ec,INE325C01035,DOLLAR,NON_FO,34.24,2.92
67ebfe0b6c041d0534de29ef,INE0JS101016,DREAMFOLKS,NON_FO,32.4,3.09
67ebfe0b6c041d0534de29f2,INE366A01041,DWARKESH,NON_FO,33.29,3
67ebfe0b6c041d0534de29fa,INE205B01031,ELECON,NON_FO,39.25,2.55
67ebfe0b6c041d0534de2a00,INE02YR01019,EMIL,NON_FO,35.07,2.85
67ebfe0b6c041d0534de2a03,INE913H01037,ENDURANCE,NON_FO,29.26,3.42
67ebfe0b6c041d0534de2a0b,INE042A01014,ESCORTS,FO,22.56,4.43
67ebfe0b6c041d0534de2a0c,INE778B01029,ESTER,NON_FO,40.06,2.5
67ebfe0b6c041d0534de2a0e,INE128A01029,EVEREADY,NON_FO,32.14,3.11
67ebfe0b6c041d0534de2a13,INE258B01022,FDC,NON_FO,30.34,3.3
67ebfe0b6c041d0534de2a16,INE737H01014,FIEMIND,NON_FO,31.67,3.16
67ebfe0b6c041d0534de2a19,INE686Y01026,FINEORG,NON_FO,30.41,3.29
67ebfe0b6c041d0534de2a1b,INE128S01021,FIVESTAR,NON_FO,33.64,2.97
67ebfe0b6c041d0534de2a1d,INE529A01010,FMGOETZE,NON_FO,29.91,3.34
67ebfe0b6c041d0534de2a1e,INE451A01017,FORCEMOT,NON_FO,38.73,2.58
67ebfe0b6c041d0534de2a1f,INE061F01013,FORTIS,NON_FO,30.74,3.25
67ebfe0b6c041d0534de2a23,INE600K01018,GALAXYSURF,NON_FO,29.63,3.37
67ebfe0b6c041d0534de2a24,INE717W01049,GANDHAR,NON_FO,30.99,3.23
67ebfe0b6c041d0534de2a28,INE079J01017,GATEWAY,NON_FO,29.99,3.33
67ebfe0b6c041d0534de2a2c,INE289B01019,GICHSGFIN,NON_FO,33.45,2.99
67ebfe0b6c041d0534de2a30,INE935A01035,GLENMARK,FO,23.16,4.32
67ebfe0b6c041d0534de2a33,INE131A01031,GMDCLTD,NON_FO,37.84,2.64
67ebfe0b6c041d0534de2a38,INE0BJS01011,GOCOLORS,NON_FO,29.43,3.4
67ebfe0b6c041d0534de2938,INE216P01012,AAVAS,NON_FO,28.16,3.55
67ebfe0b6c041d0534de2940,INE793A01012,ACCELYA,NON_FO,30.97,3.23
67ebfe0b6c041d0534de2942,INE128X01021,ACI,NON_FO,34.32,2.91
67ebfe0b6c041d0534de2946,INE814H01011,ADANIPOWER,NON_FO,37.83,2.64
67ebfe0b6c041d0534de2948,INE0BWX01014,AETHER,NON_FO,30.21,3.31
67ebfe0b6c041d0534de294d,INE212H01026,AIAENG,NON_FO,27.26,3.67
67ebfe0b6c041d0534de2956,INE079A01024,AMBUJACEM,FO,24.29,4.12
67ebfe0b6c041d0534de295e,INE346W01013,APEX,NON_FO,37.3,2.68
67ebfe0b6c041d0534de295f,INE437A01024,APOLLOHOSP,FO,20,5
67ebfe0b6c041d0534de2964,INE420B01036,ARIHANTCAP,NON_FO,41.3,2.42
67ebfe0b6c041d0534de2965,INE109C01017,ARMANFIN,NON_FO,36.16,2.77
67ebfe0b6c041d0534de2966,INE025R01021,ARTEMISMED,NON_FO,36.69,2.73
67ebfe0b6c041d0534de296e,INE491J01022,ASKAUTOLTD,NON_FO,32.51,3.08
67ebfe0b6c041d0534de2970,INE006I01046,ASTRAL,FO,21.14,4.73
67ebfe0b6c041d0534de2971,INE386C01029,ASTRAMICRO,NON_FO,34.81,2.87
67ebfe0b6c041d0534de2973,INE399L01023,ATGL,FO,31.68,3.16
67ebfe0b6c041d0534de2974,INE100A01010,ATUL,NON_FO,28.62,3.49
67ebfe0b6c041d0534de2978,INE871C01038,AVANTIFEED,NON_FO,35.71,2.8
67ebfe0b6c041d0534de2979,INE679V01027,AVL,NON_FO,37.29,2.68
67ebfe0b6c041d0534de297a,INE108V01019,AWFIS,NON_FO,33.66,2.97
67ebfe0b6c041d0534de2980,INE377Y01014,BAJAJHFL,NON_FO,28.9,3.46
67ebfe0b6c041d0534de2988,INE028A01039,BANKBARODA,FO,23.89,4.19
67ebfe0b6c041d0534de298f,INE412G01024,BCLIND,NON_FO,37.12,2.69
67ebfe0b6c041d0534de2990,INE171Z01026,BDL,NON_FO,37.55,2.66
67ebfe0b6c041d0534de2995,INE463A01038,BERGEPAINT,FO,20.25,4.94
67ebfe0b6c041d0534de2999,INE397D01024,BHARTIARTL,FO,20,5
67ebfe0b6c041d0534de29a4,INE032A01023,BOMDYEING,NON_FO,37.53,2.66
67ebfe0b6c041d0534de29a7,INE029A01011,BPCL,FO,22.82,4.38
67ebfe0b6c041d0534de29a8,INE791I01019,BRIGADE,NON_FO,33.13,3.02
67ebfe0b6c041d0534de29a9,INE216A01030,BRITANNIA,FO,20,5
67ebfe0b6c041d0534de29aa,INE052I01032,CAMLINFINE,NON_FO,37.27,2.68
67ebfe0b6c041d0534de29ae,INE068L01024,CANTABIL,NON_FO,36.43,2.74
67ebfe0b6c041d0534de29b2,INE752H01013,CARERATING,NON_FO,34.06,2.94
67ebfe0b6c041d0534de29b5,INE482A01020,CEATLTD,NON_FO,32.39,3.09
67ebfe0b6c041d0534de29b6,INE483A01010,CENTRALBK,NON_FO,36.86,2.71
67ebfe0b6c041d0534de29b8,INE486A01021,CESC,FO,26.1,3.83
67ebfe0b6c041d0534de29b9,INE180C01042,CGCL,NON_FO,38.68,2.59
67ebfe0b6c041d0534de29ba,INE427F01016,CHALET,NON_FO,31.61,3.16
67ebfe0b6c041d0534de29bd,INE178A01016,CHENNPETRO,NON_FO,38.58,2.59
67ebfe0b6c041d0534de29ca,INE169A01031,COROMANDEL,NON_FO,29.01,3.45
67ebfe0b6c041d0534de29d0,INE136B01020,CYIENT,FO,28.32,3.53
67ebfe0b6c041d0534de29d3,INE365B01017,DATAMATICS,NON_FO,38.15,2.62
67ebfe0b6c041d0534de29d8,INE879I01012,DBREALTY,NON_FO,42.41,2.36
67ebfe0b6c041d0534de29d9,INE385W01011,DCAL,NON_FO,41.73,2.4
67ebfe0b6c041d0534de29db,INE843D01027,DCMSRIND,NON_FO,34.32,2.91
67ebfe0b6c041d0534de29df,INE0FHS01024,DEEPINDS,NON_FO,38.75,2.58
67ebfe0b6c041d0534de29eb,INE966A01022,DOLATALGO,NON_FO,42.26,2.37
67ebfe0b6c041d0534de29f0,INE089A01031,DRREDDY,FO,20,5
67ebfe0b6c041d0534de29f1,INE417B01040,DSSL,NON_FO,41.2,2.43
67ebfe0b6c041d0534de29f3,INE221B01012,DYNAMATECH,NON_FO,35.41,2.82
67ebfe0b6c041d0534de29fe,INE069I01010,EMBDL,NON_FO,42.16,2.37
67ebfe0b6c041d0534de29ff,INE168P01015,EMCURE,NON_FO,29.2,3.42
67ebfe0b6c041d0534de2a05,INE071N01016,EPIGRAL,NON_FO,38.71,2.58
67ebfe0b6c041d0534de2a08,INE406M01024,ERIS,NON_FO,30.69,3.26
67ebfe0b6c041d0534de2a0a,INE818W01011,ESAFSFB,NON_FO,30.37,3.29
67ebfe0b6c041d0534de2a0d,INE0KCE01017,EUREKAFORB,NON_FO,33.33,3
67ebfe0b6c041d0534de2a17,INE816B01035,FILATEX,NON_FO,36.34,2.75
67ebfe0b6c041d0534de2a1a,INE02RE01045,FIRSTCRY,NON_FO,34.78,2.88
67ebfe0b6c041d0534de2a27,INE0JVO01026,GARUDA,NON_FO,35.43,2.82
67ebfe0b6c041d0534de2a29,INE727B01026,GENESYS,NON_FO,42.32,2.36
67ebfe0b6c041d0534de2a2b,INE539A01019,GHCL,NON_FO,33.59,2.98
67ebfe0b6c041d0534de2a31,INE615I01010,GLOBUSSPR,NON_FO,38.16,2.62
67ebfe0b6c041d0534de2a34,INE541A01023,GMMPFAUDLR,NON_FO,28.67,3.49
67ebfe0b6c041d0534de2a3a,INE850D01014,GODREJAGRO,NON_FO,30.19,3.31
67ebfe0b6c041d0534de2a3b,INE484J01027,GODREJPROP,FO,26.44,3.78
67ebfe0b6c041d0534de2a3e,INE0L9R01028,GOPAL,NON_FO,31.77,3.15
67ebfe0b6c041d0534de2a46,INE08ZM01014,GREENPANEL,NON_FO,33.56,2.98
67ebfe0b6c041d0534de2a4c,INE026A01025,GSFC,NON_FO,34.37,2.91
67ebfe0b6c041d0534de2a4e,INE186A01019,GUJALKALI,NON_FO,32.07,3.12
67ebfe0b6c041d0534de2a51,INE066F01020,HAL,FO,26.53,3.77
67ebfe0b6c041d0534de2a52,INE419U01012,HAPPSTMNDS,NON_FO,28.78,3.47
67ebfe0b6c041d0534de2a56,INE473B01035,HATSUN,NON_FO,32.31,3.1
67ebfe0b6c041d0534de2a59,INE549A01026,HCC,NON_FO,43.48,2.3
67ebfe0b6c041d0534de2a5a,INE075I01017,HCG,NON_FO,30.3,3.3
67ebfe0b6c041d0534de2a5b,INE860A01027,HCLTECH,FO,20,5
67ebfe0b6c041d0534de2a5f,INE578A01017,HEIDELBERG,NON_FO,28.32,3.53
67ebfe0b6c041d0534de2a62,INE548A01028,HFCL,FO,31.79,3.15
67ebfe0b6c041d0534de2a6a,INE345A01011,HINDOILEXP,NON_FO,36.31,2.75
67ebfe0b6c041d0534de2a6b,INE094A01015,HINDPETRO,FO,26.39,3.79
67ebfe0b6c041d0534de2a73,INE0J5401028,HONASA,NON_FO,37.33,2.68
67ebfe0b6c041d0534de2a79,INE090A01021,ICICIBANK,FO,20,5
67ebfe0b6c041d0534de2a7b,INE787D01026,BALKRISIND,FO,21.83,4.58
67ebfe0b6c041d0534de2a7e,INE00R701025,DALBHARAT,FO,21.6,4.63
67ebfe0b6c041d0534de2a81,INE419D01026,CLSEL,NON_FO,37.53,2.66
67ebfe0b6c041d0534de2a82,INE647O01011,ABFRL,FO,24.37,4.1
67ebfe0b6c041d0534de2a86,INE545U01014,BANDHANBNK,FO,25.92,3.86
67ebfe0b6c041d0534de2a88,INE348B01021,CENTURYPLY,NON_FO,31.46,3.18
67ebfe0b6c041d0534de2a89,INE738I01010,ECLERX,NON_FO,32.25,3.1
67ebfe0b6c041d0534de2a93,INE463V01026,ANANDRATHI,NON_FO,30.45,3.28
67ebfe0b6c041d0534de2a9a,INE176A01028,BATAINDIA,NON_FO,27.28,3.67
67ebfe0b6c041d0534de2aa4,INE259A01022,COLPAL,FO,20,5
67ebfe0b6c041d0534de2aae,INE113A01013,GNFC,NON_FO,31.83,3.14
67ebfe0b6c041d0534de2aaf,INE102D01028,GODREJCP,FO,21.38,4.68
67ebfe0b6c041d0534de2ab6,INE439A01020,ASAHIINDIA,NON_FO,32.22,3.1
67ebfe0b6c041d0534de2ab9,INE845D01014,GANECOS,NON_FO,36.33,2.75
67ebfe0b6c041d0534de2abe,INE901L01018,APLLTD,NON_FO,32.95,3.03
67ebfe0b6c041d0534de2ac1,INE757A01017,COSMOFIRST,NON_FO,37.37,2.68
67ebfe0b6c041d0534de2ac2,INF174KA1IA5,ALPHA,ETF,20,5
67ebfe0b6c041d0534de2ac9,INF740KA1QK2,EQUAL50ADD,ETF,20,5
67ebfe0b6c041d0534de2aca,INF769K01LQ3,EVINDIA,ETF,26.5,3.77
67ebfe0b6c041d0534de2acb,INF109KC1Q72,HEALTHIETF,ETF,26.5,3.77
67ebfe0b6c041d0534de2ad1,INF109KC15I8,BANKIETF,ETF,26.5,3.77
67ebfe0b6c041d0534de2ae1,INF109KC17V7,ALPL30IETF,ETF,20,5
67ebfe0b6c041d0534de2ae2,INF179KC1DI2,HDFCSILVER,ETF,26.5,3.77
67ebfe0b6c041d0534de2aee,INE092T01019,IDFCFIRSTB,FO,22.09,4.53
67ebfe0b6c041d0534de2af0,INE559A01017,IFBIND,NON_FO,39.41,2.54
67ebfe0b6c041d0534de2af9,INE383A01012,INDIACEM,NON_FO,34.65,2.89
67ebfe0b6c041d0534de2afa,INE560A01015,INDIAGLYCO,NON_FO,36.49,2.74
67ebfe0b6c041d0534de2b01,INE622H01018,INDOFARM,NON_FO,30.98,3.23
67ebfe0b6c041d0534de2b07,INE177A01018,INGERRAND,NON_FO,31.8,3.14
67ebfe0b6c041d0534de2b08,INE0DUT01020,INNOVACAP,NON_FO,35.41,2.82
67ebfe0b6c041d0534de2b15,INE821I01022,IRB,FO,29.5,3.39
67ebfe0b6c041d0534de2b16,INE962Y01021,IRCON,NON_FO,40.77,2.45
67ebfe0b6c041d0534de2b1a,INE07U701015,IRMENERGY,NON_FO,34.22,2.92
67ebfe0b6c041d0534de2b1b,INE858B01029,ISGEC,NON_FO,37.23,2.69
67ebfe0b6c041d0534de2b1d,INE379A01028,ITCHOTELS,NON_FO,26.5,3.77
67ebfe0b6c041d0534de2b26,INE0MB501011,JGCHEM,NON_FO,38.26,2.61
67ebfe0b6c041d0534de2a39,INE03JT01014,GODIGIT,NON_FO,31.44,3.18
67ebfe0b6c041d0534de2a3d,INE127I01024,GOODLUCK,NON_FO,36.7,2.72
67ebfe0b6c041d0534de2a3f,INE177H01039,GPIL,NON_FO,34.77,2.88
67ebfe0b6c041d0534de2a43,INE047A01021,GRASIM,FO,20,5
67ebfe0b6c041d0534de2a4a,INE192H01020,GRMOVER,NON_FO,38.86,2.57
67ebfe0b6c041d0534de2a4f,INE844O01030,GUJGASLTD,NON_FO,29.85,3.35
67ebfe0b6c041d0534de2a55,INE982F01036,HATHWAY,NON_FO,32.76,3.05
67ebfe0b6c041d0534de2a5e,INE545A01024,HEG,NON_FO,38.03,2.63
67ebfe0b6c041d0534de2a60,INE158A01026,HEROMOTOCO,FO,20.37,4.91
67ebfe0b6c041d0534de2a69,INE531E01026,HINDCOPPER,FO,29.64,3.37
67ebfe0b6c041d0534de2a6c,INE030A01027,HINDUNILVR,FO,20,5
67ebfe0b6c041d0534de2a6e,INE267A01025,HINDZINC,FO,26.83,3.73
67ebfe0b6c041d0534de2a71,INE254N01026,HNDFDS,NON_FO,30.32,3.3
67ebfe0b6c041d0534de2a76,INE019C01026,HSCL,NON_FO,35.4,2.82
67ebfe0b6c041d0534de2a80,INE242C01024,ANANTRAJ,NON_FO,42.7,2.34
67ebfe0b6c041d0534de2a85,INE133A01011,AKZOINDIA,NON_FO,31.81,3.14
67ebfe0b6c041d0534de2a8d,INE423A01024,ADANIENT,FO,30.87,3.24
67ebfe0b6c041d0534de2a8f,INE102I01027,ADSL,NON_FO,41.97,2.38
67ebfe0b6c041d0534de2a90,INE101I01011,AFCONS,NON_FO,29.56,3.38
67ebfe0b6c041d0534de2a91,INE00WC01027,AFFLE,NON_FO,31.71,3.15
67ebfe0b6c041d0534de2a9d,INE338D01028,BODALCHEM,NON_FO,34.63,2.89
67ebfe0b6c041d0534de2a9e,INE118H01025,BSE,FO,35.87,2.79
67ebfe0b6c041d0534de2aa3,INE925R01014,CMSINFO,NON_FO,31.63,3.16
67ebfe0b6c041d0534de2aa5,INE055S01018,CYIENTDLM,NON_FO,34.32,2.91
67ebfe0b6c041d0534de2aa6,INE041A01016,DHAMPURSUG,NON_FO,33.4,2.99
67ebfe0b6c041d0534de2aa8,INE230A01023,EIHOTEL,NON_FO,33,3.03
67ebfe0b6c041d0534de2aa9,INE04TZ01018,ETHOSLTD,NON_FO,33.94,2.95
67ebfe0b6c041d0534de2aaa,INE02NC01014,FINOPB,NON_FO,36.85,2.71
67ebfe0b6c041d0534de2aac,INE524A01029,GABRIEL,NON_FO,36.5,2.74
67ebfe0b6c041d0534de2ab5,INE702C01027,APLAPOLLO,FO,23.71,4.22
67ebfe0b6c041d0534de2acd,INF204KA1LD7,CONSUMBEES,ETF,26.5,3.77
67ebfe0b6c041d0534de2ad0,INF204KB15I9,BANKBEES,ETF,26.5,3.77
67ebfe0b6c041d0534de2ad3,INF754K01OB1,BBETF0432,ETF,26.5,3.77
67ebfe0b6c041d0534de2ad4,INF209KB19D1,BSLNIFTY,ETF,20,5
67ebfe0b6c041d0534de2ad6,INF754K01LD3,EBBETF0425,ETF,26.5,3.77
67ebfe0b6c041d0534de2ad9,INF174KA1HJ8,GOLD1,ETF,26.5,3.77
67ebfe0b6c041d0534de2adb,INF109KC1NT3,GOLDIETF,ETF,26.5,3.77
67ebfe0b6c041d0534de2adc,INF789F1AUX7,GOLDSHARE,ETF,26.5,3.77
67ebfe0b6c041d0534de2adf,INF179KC1FB2,HDFCSML250,ETF,20,5
67ebfe0b6c041d0534de2ae3,INF846K01W80,AXISGOLD,ETF,26.5,3.77
67ebfe0b6c041d0534de2ae4,INF769K01JP9,GOLDETF,ETF,26.5,3.77
67ebfe0b6c041d0534de2aea,INE483B01026,ICIL,NON_FO,50,2
67ebfe0b6c041d0534de2af4,INE530B01024,IIFL,FO,30.14,3.32
67ebfe0b6c041d0534de2afc,INE922K01024,INDIASHLTR,NON_FO,29.31,3.41
67ebfe0b6c041d0534de2afd,INE646L01027,INDIGO,FO,22.05,4.54
67ebfe0b6c041d0534de2afe,INE09VQ01012,INDIGOPNTS,NON_FO,29.51,3.39
67ebfe0b6c041d0534de2b03,INE681B01017,INDRAMEDCO,NON_FO,39.48,2.53
67ebfe0b6c041d0534de2b04,INE095A01012,INDUSINDBK,FO,50,2
67ebfe0b6c041d0534de2b06,INE009A01021,INFY,FO,20.14,4.97
67ebfe0b6c041d0534de2b17,INE335Y01020,IRCTC,FO,22.69,4.41
67ebfe0b6c041d0534de2b18,INE202E01016,IREDA,FO,31.7,3.15
67ebfe0b6c041d0534de2b1f,INE168A01041,J&KBANK,NON_FO,34.47,2.9
67ebfe0b6c041d0534de2b20,INE199G01027,JAGRAN,NON_FO,30.51,3.28
67ebfe0b6c041d0534de2b24,INE572A01036,JBCHEPHARM,NON_FO,29.56,3.38
67ebfe0b6c041d0534de2b25,INE782A01015,JCHAC,NON_FO,35.46,2.82
67ebfe0b6c041d0534de2b27,INE324A01032,JINDALSAW,NON_FO,38.14,2.62
67ebfe0b6c041d0534de293b,INE674K01013,ABCAPITAL,FO,23.97,4.17
67ebfe0b6c041d0534de293c,INE552Z01027,ABDL,NON_FO,30.26,3.3
67ebfe0b6c041d0534de293e,INE404A01024,ABSLAMC,NON_FO,32.16,3.11
67ebfe0b6c041d0534de2943,INE152B01027,ACLGATI,NON_FO,34.86,2.87
67ebfe0b6c041d0534de2944,INE931S01010,ADANIENSOL,FO,34.76,2.88
67ebfe0b6c041d0534de2947,INE208C01025,AEGISLOG,NON_FO,41.72,2.4
67ebfe0b6c041d0534de294e,INE206F01022,AIIL,NON_FO,41.95,2.38
67ebfe0b6c041d0534de2950,INE03Q201024,ALIVUS,NON_FO,34.89,2.87
67ebfe0b6c041d0534de295c,INE930P01018,ANURAS,NON_FO,28.9,3.46
67ebfe0b6c041d0534de295d,INE372A01015,APARINDS,NON_FO,38.15,2.62
67ebfe0b6c041d0534de2960,INE126J01016,APOLLOPIPE,NON_FO,33.39,2.99
67ebfe0b6c041d0534de2961,INE438A01022,APOLLOTYRE,FO,22.09,4.53
67ebfe0b6c041d0534de2963,INE852O01025,APTUS,NON_FO,30.74,3.25
67ebfe0b6c041d0534de2969,INE034S01021,ARVSMART,NON_FO,37.85,2.64
67ebfe0b6c041d0534de296a,INE365D01021,ASHIANA,NON_FO,36.8,2.72
67ebfe0b6c041d0534de296b,INE442H01029,ASHOKA,NON_FO,38.16,2.62
67ebfe0b6c041d0534de296c,INE021A01026,ASIANPAINT,FO,20,5
67ebfe0b6c041d0534de2972,INE203A01020,ASTRAZEN,NON_FO,34.12,2.93
67ebfe0b6c041d0534de2976,INE349W01017,AVADHSUGAR,NON_FO,35.29,2.83
67ebfe0b6c041d0534de297b,INE699H01024,AWL,NON_FO,35.34,2.83
67ebfe0b6c041d0534de297d,INE02IJ01035,AZAD,NON_FO,36.2,2.76
67ebfe0b6c041d0534de297e,INE917I01010,BAJAJ-AUTO,FO,21.33,4.69
67ebfe0b6c041d0534de2983,INE0KQN01018,BAJEL,NON_FO,38.37,2.61
67ebfe0b6c041d0534de2984,INE296A01024,BAJFINANCE,FO,20.92,4.78
67ebfe0b6c041d0534de2987,INE119A01028,BALRAMCHIN,NON_FO,33.09,3.02
67ebfe0b6c041d0534de298d,INE462A01022,BAYERCROP,NON_FO,29.73,3.36
67ebfe0b6c041d0534de298e,INE050A01025,BBTC,NON_FO,36.53,2.74
67ebfe0b6c041d0534de2993,INE258A01016,BEML,NON_FO,39.39,2.54
67ebfe0b6c041d0534de299b,INE00E101023,BIKAJI,NON_FO,33.45,2.99
67ebfe0b6c041d0534de299c,INE376G01013,BIOCON,FO,24.8,4.03
67ebfe0b6c041d0534de29a2,INE233B01017,BLUEDART,NON_FO,30.81,3.25
67ebfe0b6c041d0534de29a3,INE472A01039,BLUESTARCO,NON_FO,33.68,2.97
67ebfe0b6c041d0534de29a5,INE02PY01013,BOROLTD,NON_FO,34.88,2.87
67ebfe0b6c041d0534de29a6,INE323A01026,BOSCHLTD,FO,20.09,4.98
67ebfe0b6c041d0534de29ab,INE278Y01022,CAMPUS,NON_FO,32.99,3.03
67ebfe0b6c041d0534de29ad,INE477A01020,CANFINHOME,NON_FO,30.24,3.31
67ebfe0b6c041d0534de29b1,INE475E01026,CAPLIPOINT,NON_FO,35.83,2.79
67ebfe0b6c041d0534de29b3,INE172A01027,CASTROLIND,NON_FO,34.47,2.9
67ebfe0b6c041d0534de29b7,INE739E01017,CERA,NON_FO,30.51,3.28
67ebfe0b6c041d0534de29be,INE102B01014,CHOICEIN,NON_FO,28.82,3.47
67ebfe0b6c041d0534de29c1,INE536H01010,CIEINDIA,NON_FO,29.63,3.37
67ebfe0b6c041d0534de29c5,INE522F01014,COALINDIA,FO,22.25,4.49
67ebfe0b6c041d0534de29cd,INE679A01013,CSBBANK,NON_FO,29.4,3.4
67ebfe0b6c041d0534de29d6,INE0OPA01019,DBEIL,NON_FO,33.33,3
67ebfe0b6c041d0534de29dc,INE500A01029,DCW,NON_FO,38.52,2.6
67ebfe0b6c041d0534de29dd,INE841L01016,DEEDEV,NON_FO,36.33,2.75
67ebfe0b6c041d0534de29e2,INE947J01015,DEN,NON_FO,34.43,2.9
67ebfe0b6c041d0534de29e3,INE872J01023,DEVYANI,NON_FO,32.07,3.12
67ebfe0b6c041d0534de29e6,INE836F01026,DISHTV,NON_FO,37.8,2.65
67ebfe0b6c041d0534de29ea,INE021O01019,DODLA,NON_FO,33.19,3.01
67ebfe0b6c041d0534de29f4,INE07O001026,EASEMYTRIP,NON_FO,36.55,2.74
67ebfe0b6c041d0534de29f5,INE06HJ01020,ECOSMOBLTY,NON_FO,36.38,2.75
67ebfe0b6c041d0534de29f9,INE184H01027,EKC,NON_FO,39.85,2.51
67ebfe0b6c041d0534de29fb,INE086A01029,ELECTCAST,NON_FO,38.59,2.59
67ebfe0b6c041d0534de29fc,INE285A01027,ELGIEQUIP,NON_FO,35.5,2.82
67ebfe0b6c041d0534de2a02,INE01QM01018,EMUDHRA,NON_FO,36.21,2.76
67ebfe0b6c041d0534de2a04,INE010601016,ENTERO,NON_FO,31.16,3.21
67ebfe0b6c041d0534de2a07,INE063P01018,EQUITASBNK,NON_FO,30.91,3.24
67ebfe0b6c041d0534de2a0f,INE302A01020,EXIDEIND,FO,23.98,4.17
67ebfe0b6c041d0534de2a10,INE201K01015,EXPLEOSOL,NON_FO,31.46,3.18
67ebfe0b6c041d0534de2a12,INE045J01026,FCL,NON_FO,35.59,2.81
67ebfe0b6c041d0534de2a15,INE007N01010,FEDFINA,NON_FO,27.72,3.61
67ebfe0b6c041d0534de2a1c,INE09N301011,FLUOROCHEM,NON_FO,32.42,3.08
67ebfe0b6c041d0534de2a20,INE684F01012,FSL,NON_FO,36.56,2.74
67ebfe0b6c041d0534de2939,INE117A01022,ABB,FO,25.52,3.92
67ebfe0b6c041d0534de293f,INE012A01025,ACC,FO,22.17,4.51
67ebfe0b6c041d0534de2941,INE731H01025,ACE,NON_FO,37.21,2.69
67ebfe0b6c041d0534de2945,INE742F01042,ADANIPORTS,FO,26.47,3.78
67ebfe0b6c041d0534de2949,INE204E01012,AGARIND,NON_FO,36.45,2.74
67ebfe0b6c041d0534de294b,INE415A01038,AGI,NON_FO,40.25,2.48
67ebfe0b6c041d0534de294c,INE758C01029,AHLUCONT,NON_FO,34.01,2.94
67ebfe0b6c041d0534de294f,INE298G01027,AJMERA,NON_FO,39.07,2.56
67ebfe0b6c041d0534de2951,INE150B01039,ALKYLAMINE,NON_FO,31.1,3.22
67ebfe0b6c041d0534de2955,INE540G01014,AMBIKCO,NON_FO,31.01,3.22
67ebfe0b6c041d0534de2957,INE098F01031,AMRUTANJAN,NON_FO,30.35,3.29
67ebfe0b6c041d0534de2958,INE435A01051,ANDHRAPAP,NON_FO,30.95,3.23
67ebfe0b6c041d0534de2968,INE955V01021,ARVINDFASN,NON_FO,33.25,3.01
67ebfe0b6c041d0534de296f,INE914M01019,ASTERDM,NON_FO,31.62,3.16
67ebfe0b6c041d0534de2977,INE005B01027,AVANTEL,NON_FO,32.4,3.09
67ebfe0b6c041d0534de2981,INE306A01021,BAJAJHIND,NON_FO,39.25,2.55
67ebfe0b6c041d0534de2982,INE118A01012,BAJAJHLDNG,NON_FO,30.62,3.27
67ebfe0b6c041d0534de298a,INE0B9K01025,BANSALWIRE,NON_FO,30.05,3.33
67ebfe0b6c041d0534de298b,INE382M01027,BARBEQUE,NON_FO,32.8,3.05
67ebfe0b6c041d0534de298c,INE373A01013,BASF,NON_FO,35.3,2.83
67ebfe0b6c041d0534de2991,INE495P01012,BECTORFOOD,NON_FO,34.45,2.9
67ebfe0b6c041d0534de2992,INE263A01024,BEL,FO,25.16,3.97
67ebfe0b6c041d0534de2996,INE878K01010,BFINVEST,NON_FO,37.34,2.68
67ebfe0b6c041d0534de2998,INE838B01013,BHARATRAS,NON_FO,35.02,2.86
67ebfe0b6c041d0534de299a,INE257A01026,BHEL,FO,28.98,3.45
67ebfe0b6c041d0534de299e,INE416D01022,BLISSGVS,NON_FO,40.1,2.49
67ebfe0b6c041d0534de299f,INE350H01032,BLKASHYAP,NON_FO,38.04,2.63
67ebfe0b6c041d0534de29a0,INE153T01027,BLS,NON_FO,37.29,2.68
67ebfe0b6c041d0534de29a1,INE0NLT01010,BLSE,NON_FO,33.25,3.01
67ebfe0b6c041d0534de29af,INE264T01014,CAPACITE,NON_FO,36.41,2.75
67ebfe0b6c041d0534de29bb,INE085A01013,CHAMBLFERT,FO,27.9,3.58
67ebfe0b6c041d0534de29bf,INE121A01024,CHOLAFIN,FO,23.88,4.19
67ebfe0b6c041d0534de29c0,INE149A01033,CHOLAHLDNG,NON_FO,32.1,3.12
67ebfe0b6c041d0534de29c2,INE675C01017,CIGNITITEC,NON_FO,32.35,3.09
67ebfe0b6c041d0534de29c6,INE591G01017,COFORGE,FO,24.79,4.03
67ebfe0b6c041d0534de29c7,INE111A01025,CONCOR,FO,24.25,4.12
67ebfe0b6c041d0534de29c8,INE338H01029,CONCORDBIO,NON_FO,37.09,2.7
67ebfe0b6c041d0534de29cc,INE299U01018,CROMPTON,FO,22.52,4.44
67ebfe0b6c041d0534de29cf,INE298A01020,CUMMINSIND,FO,23.97,4.17
67ebfe0b6c041d0534de29d4,INE0IX101010,DATAPATTNS,NON_FO,38.91,2.57
67ebfe0b6c041d0534de29da,INE499A01024,DCMSHRIRAM,NON_FO,33.63,2.97
67ebfe0b6c041d0534de29e1,INE124G01033,DELTACORP,NON_FO,33.19,3.01
67ebfe0b6c041d0534de29e5,INE393P01035,DIAMONDYD,NON_FO,33.93,2.95
67ebfe0b6c041d0534de29e8,INE250K01012,DLINKINDIA,NON_FO,38,2.63
67ebfe0b6c041d0534de29e9,INE192R01011,DMART,FO,22.52,4.44
67ebfe0b6c041d0534de29ed,INE321T01012,DOMS,NON_FO,32.91,3.04
67ebfe0b6c041d0534de29ee,INE266Y01019,DPABHUSHAN,NON_FO,32.99,3.03
67ebfe0b6c041d0534de29f6,INE532F01054,EDELWEISS,NON_FO,39.93,2.5
67ebfe0b6c041d0534de29f7,INE066A01021,EICHERMOT,FO,21.1,4.74
67ebfe0b6c041d0534de29f8,INE0LLY01014,EIEL,NON_FO,35.45,2.82
67ebfe0b6c041d0534de29fd,INE548C01032,EMAMILTD,NON_FO,32.4,3.09
67ebfe0b6c041d0534de2a01,INE0OV601013,EMSLIMITED,NON_FO,37.85,2.64
67ebfe0b6c041d0534de2a06,INE255A01020,EPL,NON_FO,34.22,2.92
67ebfe0b6c041d0534de2a09,INE284A01012,ESABINDIA,NON_FO,29.96,3.34
67ebfe0b6c041d0534de2a11,INE188A01015,FACT,NON_FO,40.57,2.46
67ebfe0b6c041d0534de2a14,INE171A01029,FEDERALBNK,FO,21.19,4.72
67ebfe0b6c041d0534de2a18,INE235A01022,FINCABLES,NON_FO,36.55,2.74
67ebfe0b6c041d0534de2a21,INE036B01030,GAEL,NON_FO,33.67,2.97
67ebfe0b6c041d0534de2a26,INE276A01018,GARFIBRES,NON_FO,35.49,2.82
67ebfe0b6c041d0534de2a2a,INE017A01032,GESHIP,NON_FO,32.67,3.06
67ebfe0b6c041d0534de2a2e,INE162A01010,GIPCL,NON_FO,37.62,2.66
67ebfe0b6c041d0534de2a32,INE075D01018,GMBREW,NON_FO,34.71,2.88
67ebfe0b6c041d0534de2a35,INE776C01039,GMRAIRPORT,FO,24.87,4.02
67ebfe0b6c041d0534de2a36,INE0CU601026,GMRP&UI,NON_FO,40.13,2.49
67ebfe0b6c041d0534de2a22,INE129A01019,GAIL,FO,24.86,4.02
67ebfe0b6c041d0534de2a25,INE460C01014,GANESHHOUC,NON_FO,39.28,2.55
67ebfe0b6c041d0534de2a2d,INE322A01010,GILLETTE,NON_FO,30.94,3.23
67ebfe0b6c041d0534de2a2f,INE068V01023,GLAND,NON_FO,31.69,3.16
67ebfe0b6c041d0534de2a37,INE934S01014,GNA,NON_FO,31.13,3.21
67ebfe0b6c041d0534de2a41,INE486R01017,GPTHEALTH,NON_FO,31.3,3.19
67ebfe0b6c041d0534de2a44,INE024L01027,GRAVITA,NON_FO,40.69,2.46
67ebfe0b6c041d0534de2a45,INE224A01026,GREAVESCOT,NON_FO,39.77,2.51
67ebfe0b6c041d0534de2a47,INE999K01014,GREENPOWER,NON_FO,37.85,2.64
67ebfe0b6c041d0534de2a4b,INE291A01017,GRWRHITECH,NON_FO,43.44,2.3
67ebfe0b6c041d0534de2a4d,INE246F01010,GSPL,NON_FO,31.56,3.17
67ebfe0b6c041d0534de2a50,INE255D01024,GULPOLY,NON_FO,40.15,2.49
67ebfe0b6c041d0534de2a54,INE00EV01017,HARIOMPIPE,NON_FO,36.76,2.72
67ebfe0b6c041d0534de2a58,INE292B01021,HBLENGINE,NON_FO,39.69,2.52
67ebfe0b6c041d0534de2a5c,INE127D01025,HDFCAMC,FO,22.8,4.39
67ebfe0b6c041d0534de2a63,INE926X01010,HGINFRA,NON_FO,35.61,2.81
67ebfe0b6c041d0534de2a65,INE475B01022,HIKAL,NON_FO,33.81,2.96
67ebfe0b6c041d0534de2a68,INE038A01020,HINDALCO,FO,22.62,4.42
67ebfe0b6c041d0534de2a70,INE461D01028,HLEGLAS,NON_FO,33.43,2.99
67ebfe0b6c041d0534de2a75,INE495S01016,HPL,NON_FO,41.64,2.4
67ebfe0b6c041d0534de2a77,INE031A01017,HUDCO,FO,32.86,3.04
67ebfe0b6c041d0534de2a7c,INE343G01021,BHARTIHEXA,NON_FO,33.2,3.01
67ebfe0b6c041d0534de2a7f,INE271C01023,DLF,FO,23.7,4.22
67ebfe0b6c041d0534de2a84,INE031B01049,AJANTPHARM,NON_FO,31.59,3.17
67ebfe0b6c041d0534de2a8c,INE275B01026,HUHTAMAKI,NON_FO,34.88,2.87
67ebfe0b6c041d0534de2a8e,INE982B01027,ADFFOODS,NON_FO,37.61,2.66
67ebfe0b6c041d0534de2a92,INE540L01014,ALKEM,FO,20.38,4.91
67ebfe0b6c041d0534de2a94,INE885A01032,ARE&M,NON_FO,33.4,2.99
67ebfe0b6c041d0534de2a95,INE0QRL01017,ARKADE,NON_FO,31.98,3.13
67ebfe0b6c041d0534de2a98,INE01BK01022,AWHCL,NON_FO,37.4,2.67
67ebfe0b6c041d0534de2a9b,INE464A01036,BBL,NON_FO,40.59,2.46
67ebfe0b6c041d0534de2aa1,INE0AG901020,CEIGALL,NON_FO,28.65,3.49
67ebfe0b6c041d0534de2aa2,INE067A01029,CGPOWER,FO,26.66,3.75
67ebfe0b6c041d0534de2aa7,INE126A01031,EIDPARRY,NON_FO,31.89,3.14
67ebfe0b6c041d0534de2ab1,INE795G01014,HDFCLIFE,FO,20,5
67ebfe0b6c041d0534de2ab2,INE0AJG01018,HEMIPROP,NON_FO,35.84,2.79
67ebfe0b6c041d0534de2ab4,INE482D01024,CARYSIL,NON_FO,37.91,2.64
67ebfe0b6c041d0534de2aba,INE510A01028,ENGINERSIN,NON_FO,37.92,2.64
67ebfe0b6c041d0534de2abb,INE284H01025,DAMCAPITAL,NON_FO,30.07,3.33
67ebfe0b6c041d0534de2abd,INE364U01010,ADANIGREEN,FO,34.57,2.89
67ebfe0b6c041d0534de2abf,INE741K01010,CREDITACC,NON_FO,37.33,2.68
67ebfe0b6c041d0534de2ac0,INE461C01038,GREENPLY,NON_FO,35.67,2.8
67ebfe0b6c041d0534de2ac3,INF769K01KU7,ALPHAETF,ETF,20,5
67ebfe0b6c041d0534de2ac5,INF109KC10V2,AUTOIETF,ETF,26.5,3.77
67ebfe0b6c041d0534de2ac6,INF740KA1RX3,BANKETFADD,ETF,26.5,3.77
67ebfe0b6c041d0534de2ac8,INF109KC1V59,BSE500IETF,ETF,20,5
67ebfe0b6c041d0534de2ace,INF209KB17D5,ABSLBANETF,ETF,26.5,3.77
67ebfe0b6c041d0534de2ad2,INF174K01F59,BANKNIFTY1,ETF,26.5,3.77
67ebfe0b6c041d0534de2ad5,INF457M01133,CPSEETF,ETF,27.11,3.69
67ebfe0b6c041d0534de2ad7,INF754K01KO2,EBBETF0430,ETF,26.5,3.77
67ebfe0b6c041d0534de2ada,INF204KB17I5,GOLDBEES,ETF,26.5,3.77
67ebfe0b6c041d0534de2ade,INF179KC1965,HDFCNIFTY,ETF,20,5
67ebfe0b6c041d0534de2ae6,INF109KC19V3,FMCGIETF,ETF,26.5,3.77
67ebfe0b6c041d0534de2ae7,INF109KB15Y7,ICICIB22,ETF,26.5,3.77
67ebfe0b6c041d0534de2ae8,INE765G01017,ICICIGI,FO,20,5
67ebfe0b6c041d0534de2aed,INE349Y01013,IDEAFORGE,NON_FO,35.06,2.85
67ebfe0b6c041d0534de2af3,INE203G01027,IGL,FO,26.59,3.76
67ebfe0b6c041d0534de2af6,INE172N01012,IMAGICAA,NON_FO,37.6,2.66
67ebfe0b6c041d0534de2af7,INE919H01018,IMFA,NON_FO,36.36,2.75
67ebfe0b6c041d0534de2afb,INE562A01011,INDIANB,FO,25.61,3.9
67ebfe0b6c041d0534de2b09,INE510W01014,INOXGREEN,NON_FO,40.08,2.5
67ebfe0b6c041d0534de2b0a,INE616N01034,INOXINDIA,NON_FO,30.21,3.31
67ebfe0b6c041d0534de2b0b,INE066P01011,INOXWIND,FO,34.04,2.94
67ebfe0b6c041d0534de2b0d,INE306R01017,INTELLECT,NON_FO,36.11,2.77
67ebfe0b6c041d0534de2a3c,INE887G01027,GOKEX,NON_FO,36.14,2.77
67ebfe0b6c041d0534de2a40,INE517F01014,GPPL,NON_FO,33.07,3.02
67ebfe0b6c041d0534de2a42,INE371A01025,GRAPHITE,NON_FO,34.68,2.88
67ebfe0b6c041d0534de2a48,INE536A01023,GRINDWELL,NON_FO,30.28,3.3
67ebfe0b6c041d0534de2a49,INE201P01022,GRINFRA,NON_FO,30.89,3.24
67ebfe0b6c041d0534de2a53,INE330T01021,HAPPYFORGE,NON_FO,27.13,3.69
67ebfe0b6c041d0534de2a57,INE176B01034,HAVELLS,FO,20.98,4.77
67ebfe0b6c041d0534de2a5d,INE040A01034,HDFCBANK,FO,20,5
67ebfe0b6c041d0534de2a61,INE492A01029,HEUBACHIND,NON_FO,34.21,2.92
67ebfe0b6c041d0534de2a64,INE170I01016,HGS,NON_FO,31.47,3.18
67ebfe0b6c041d0534de2a66,INE557A01011,HIL,NON_FO,29.39,3.4
67ebfe0b6c041d0534de2a67,INE049A01027,HIMATSEIDE,NON_FO,39.43,2.54
67ebfe0b6c041d0534de2a6d,INE05AN01011,HINDWAREAP,NON_FO,37.94,2.64
67ebfe0b6c041d0534de2a6f,INE106T01025,HITECH,NON_FO,37.57,2.66
67ebfe0b6c041d0534de2a72,INE481N01025,HOMEFIRST,NON_FO,33.8,2.96
67ebfe0b6c041d0534de2a74,INE671A01010,HONAUT,NON_FO,28.29,3.53
67ebfe0b6c041d0534de2a78,INE0V6F01027,HYUNDAI,NON_FO,26.5,3.77
67ebfe0b6c041d0534de2a7a,INE193E01025,BAJAJELEC,NON_FO,29.8,3.36
67ebfe0b6c041d0534de2a7d,INE476A01022,CANBK,FO,24.39,4.1
67ebfe0b6c041d0534de2a83,INE837H01020,ADVENZYMES,NON_FO,33.16,3.02
67ebfe0b6c041d0534de2a87,INE0LMW01024,CELLO,NON_FO,28.03,3.57
67ebfe0b6c041d0534de2a8a,INE101D01020,GRANULES,FO,26.83,3.73
67ebfe0b6c041d0534de2a8b,INE635Q01029,GULFOILLUB,NON_FO,35.14,2.85
67ebfe0b6c041d0534de2a96,INE208A01029,ASHOKLEY,FO,23.3,4.29
67ebfe0b6c041d0534de2a97,INE949L01017,AUBANK,FO,23.45,4.26
67ebfe0b6c041d0534de2a99,INE918I01026,BAJAJFINSV,FO,20.52,4.87
67ebfe0b6c041d0534de2a9c,INE465A01025,BHARATFORG,FO,23.11,4.33
67ebfe0b6c041d0534de2a9f,INE120A01034,CARBORUNIV,NON_FO,30.74,3.25
67ebfe0b6c041d0534de2aa0,INE421D01022,CCL,NON_FO,30.57,3.27
67ebfe0b6c041d0534de2aab,INE183A01024,FINPIPE,NON_FO,33.21,3.01
67ebfe0b6c041d0534de2aad,INE481Y01014,GICRE,NON_FO,37.65,2.66
67ebfe0b6c041d0534de2ab0,INE742B01025,GUFICBIO,NON_FO,34.71,2.88
67ebfe0b6c041d0534de2ab3,INE426A01027,ALEMBICLTD,NON_FO,35.45,2.82
67ebfe0b6c041d0534de2ab7,INE836A01035,BSOFT,FO,24.31,4.11
67ebfe0b6c041d0534de2ab8,INE503A01015,DCBBANK,NON_FO,30.08,3.32
67ebfe0b6c041d0534de2abc,INE0JUS01029,HARSHA,NON_FO,33.2,3.01
67ebfe0b6c041d0534de2ac4,INF204KC1337,AUTOBEES,ETF,26.5,3.77
67ebfe0b6c041d0534de2ac7,INF769K01HI8,BFSI,ETF,26.5,3.77
67ebfe0b6c041d0534de2acc,INF0R8F01042,GOLDCASE,ETF,26.5,3.77
67ebfe0b6c041d0534de2acf,INF846K01W98,AXISNIFTY,ETF,20,5
67ebfe0b6c041d0534de2ad8,INF754K01LE1,EBBETF0431,ETF,26.5,3.77
67ebfe0b6c041d0534de2add,INF179KC1981,HDFCGOLD,ETF,26.5,3.77
67ebfe0b6c041d0534de2ae0,INF204KB19I1,HNGSNGBEES,ETF,33.33,3
67ebfe0b6c041d0534de2ae5,INF740KA1SW3,GOLDETFADD,ETF,26.5,3.77
67ebfe0b6c041d0534de2ae9,INE726G01019,ICICIPRULI,FO,20.67,4.84
67ebfe0b6c041d0534de2aeb,INE008A01015,IDBI,NON_FO,36.06,2.77
67ebfe0b6c041d0534de2aec,INE669E01016,IDEA,FO,34.66,2.89
67ebfe0b6c041d0534de2aef,INE022Q01020,IEX,FO,25.48,3.92
67ebfe0b6c041d0534de2af1,INE039A01010,IFCI,NON_FO,42.7,2.34
67ebfe0b6c041d0534de2af2,INE188B01013,IGARASHI,NON_FO,37.56,2.66
67ebfe0b6c041d0534de2af5,INE115Q01022,IKS,NON_FO,30.64,3.26
67ebfe0b6c041d0534de2af8,INE053A01029,INDHOTEL,FO,23.51,4.25
67ebfe0b6c041d0534de2aff,INE760F01028,INDOAMIN,NON_FO,42.9,2.33
67ebfe0b6c041d0534de2b00,INE873D01024,INDOCO,NON_FO,34.89,2.87
67ebfe0b6c041d0534de2b02,INE896L01010,INDOSTAR,NON_FO,37.39,2.67
67ebfe0b6c041d0534de2b05,INE121J01017,INDUSTOWER,FO,25.67,3.9
67ebfe0b6c041d0534de2b0c,INE070I01018,INSECTICID,NON_FO,33.88,2.95
67ebfe0b6c041d0534de2b12,INE570A01022,IONEXCHANG,NON_FO,34.88,2.87
67ebfe0b6c041d0534de2b13,INE571A01038,IPCALAB,NON_FO,29.11,3.44
67ebfe0b6c041d0534de2b14,INE0D6701023,IPL,NON_FO,35.95,2.78
67ebfe0b6c041d0534de2b1e,INE686A01026,ITDCEM,NON_FO,36.31,2.75
67ebfe0b6c041d0534de2b21,INE048B01035,JAGSNPHARM,NON_FO,42.57,2.35
67ebfe0b6c041d0534de2b28,INE749A01030,JINDALSTEL,FO,23.07,4.33
67ebfe0b6c041d0534de2b0e,INE00M901018,INTERARCH,NON_FO,33.98,2.94
67ebfe0b6c041d0534de2b0f,INE565A01014,IOB,NON_FO,37.8,2.65
67ebfe0b6c041d0534de2b10,INE242A01010,IOC,FO,23,4.35
67ebfe0b6c041d0534de2b11,INE485C01029,IOLCP,NON_FO,34.74,2.88
67ebfe0b6c041d0534de2b19,INE053F01010,IRFC,FO,29.86,3.35
67ebfe0b6c041d0534de2b1c,INE154A01025,ITC,FO,20,5
67ebfe0b6c041d0534de2b22,INE039C01032,JAMNAAUTO,NON_FO,32.24,3.1
67ebfe0b6c041d0534de2b23,INE039O01029,JASH,NON_FO,37.09,2.7
67ebfe0b6c041d0534de2b2e,INE682M01012,JLHL,NON_FO,29.35,3.41
67ebfe0b6c041d0534de2b30,INE220G01021,JSL,FO,26.21,3.82
67ebfe0b6c041d0534de2b32,INE880J01026,JSWINFRA,NON_FO,33.35,3
67ebfe0b6c041d0534de2b34,INE391J01032,JTLIND,NON_FO,36.19,2.76
67ebfe0b6c041d0534de2b37,INE700A01033,JUBLPHARMA,NON_FO,35.45,2.82
67ebfe0b6c041d0534de2b39,INE599M01018,JUSTDIAL,NON_FO,35.82,2.79
67ebfe0b6c041d0534de2b3f,INE918Z01012,KAYNES,NON_FO,38.88,2.57
67ebfe0b6c041d0534de2b40,INE805C01028,KCP,NON_FO,36.42,2.75
67ebfe0b6c041d0534de2b43,INE967H01025,KIMS,NON_FO,28.9,3.46
67ebfe0b6c041d0534de2b44,INE415I01015,KIRIINDUS,NON_FO,38.61,2.59
67ebfe0b6c041d0534de2b48,INE237A01028,KOTAKBANK,FO,20,5
67ebfe0b6c041d0534de2b49,INE220B01022,KPIL,NON_FO,33.62,2.97
67ebfe0b6c041d0534de2b4e,INE0O6601022,KROSS,NON_FO,32.97,3.03
67ebfe0b6c041d0534de2b4f,INE08LI01020,KRSNAA,NON_FO,33.47,2.99
67ebfe0b6c041d0534de2b53,INE907A01026,KSL,NON_FO,36.15,2.77
67ebfe0b6c041d0534de2b57,INE059D01020,LAOPALA,NON_FO,32.41,3.09
67ebfe0b6c041d0534de2b58,INE947Q01028,LAURUSLABS,FO,25.34,3.95
67ebfe0b6c041d0534de2b5d,INE060901027,LIKHITHA,NON_FO,36.34,2.75
67ebfe0b6c041d0534de2b5e,INE473A01011,LINDEINDIA,NON_FO,33.48,2.99
67ebfe0b6c041d0534de2b60,INE281B01032,LLOYDSME,NON_FO,33.82,2.96
67ebfe0b6c041d0534de2b66,INE010V01017,LTTS,NON_FO,29.82,3.35
67ebfe0b6c041d0534de2b6b,INE414A01015,MADRASFERT,NON_FO,37.4,2.67
67ebfe0b6c041d0534de2b6d,INE766P01016,MAHLOG,NON_FO,31.35,3.19
67ebfe0b6c041d0534de2b71,INE201A01024,MANALIPETC,NON_FO,33.4,2.99
67ebfe0b6c041d0534de2b72,INE522D01027,MANAPPURAM,FO,28.05,3.57
67ebfe0b6c041d0534de2b79,INE750C01026,MARKSANS,NON_FO,38.29,2.61
67ebfe0b6c041d0534de2b7f,INE249Z01020,MAZDOCK,NON_FO,41.68,2.4
67ebfe0b6c041d0534de2b80,INE745G01035,MCX,FO,27.26,3.67
67ebfe0b6c041d0534de2b81,INE474Q01031,MEDANTA,NON_FO,31.56,3.17
67ebfe0b6c041d0534de2b82,INE456Z01021,MEDIASSIST,NON_FO,31.88,3.14
67ebfe0b6c041d0534de2b85,INE112L01020,METROPOLIS,NON_FO,29.2,3.42
67ebfe0b6c041d0534de2b8a,INE227C01017,MMFL,NON_FO,34,2.94
67ebfe0b6c041d0534de2b97,INE0CG401037,MUKKA,NON_FO,33.7,2.97
67ebfe0b6c041d0534de2b99,INE046W01019,MUTHOOTMF,NON_FO,28.51,3.51
67ebfe0b6c041d0534de2ba0,INE060A01024,NAVNETEDUL,NON_FO,30.88,3.24
67ebfe0b6c041d0534de2ba2,INE095N01031,NBCC,FO,31.76,3.15
67ebfe0b6c041d0534de2ba4,INE155G01029,NDTV,NON_FO,36.27,2.76
67ebfe0b6c041d0534de2baa,INE870H01013,NETWORK18,NON_FO,37.85,2.64
67ebfe0b6c041d0534de2bac,INE619B01017,NEWGEN,NON_FO,40.67,2.46
67ebfe0b6c041d0534de2bb1,INE342G01023,NIITMTS,NON_FO,32.06,3.12
67ebfe0b6c041d0534de2bb6,INE0NNS01018,NSLNISP,NON_FO,33.93,2.95
67ebfe0b6c041d0534de2bb8,INE0ONG01011,NTPCGREEN,NON_FO,28.8,3.47
67ebfe0b6c041d0534de2bbb,INE093I01010,OBEROIRLTY,FO,24.72,4.05
67ebfe0b6c041d0534de2bbd,INE274J01014,OIL,FO,28.61,3.5
67ebfe0b6c041d0534de2bbe,INE260D01016,OLECTRA,NON_FO,37.17,2.69
67ebfe0b6c041d0534de2bc7,INE074B01023,PARACABLES,NON_FO,39.6,2.53
67ebfe0b6c041d0534de2bc8,INE088F01024,PARADEEP,NON_FO,37.2,2.69
67ebfe0b6c041d0534de2bc9,INE883N01014,PARAGMILK,NON_FO,36.09,2.77
67ebfe0b6c041d0534de2bca,INE988S01028,PARKHOTELS,NON_FO,33.8,2.96
67ebfe0b6c041d0534de2bcf,INE262H01021,PERSISTENT,FO,24.84,4.03
67ebfe0b6c041d0534de2bd2,INE182A01018,PFIZER,NON_FO,27.88,3.59
67ebfe0b6c041d0534de2bd5,INE199A01012,PGHL,NON_FO,27.52,3.63
67ebfe0b6c041d0534de2bd9,INE0PT501018,PLATIND,NON_FO,38.83,2.58
67ebfe0b6c041d0534de2bdf,INE455K01017,POLYCAB,FO,27.75,3.6
67ebfe0b6c041d0534de2be7,INE603A01013,PRAKASH,NON_FO,37.46,2.67
67ebfe0b6c041d0534de2be8,INE372C01037,PRECWIRE,NON_FO,39.59,2.53
67ebfe0b6c041d0534de2bec,INE689W01016,PRINCEPIPE,NON_FO,31.83,3.14
67ebfe0b6c041d0534de2bf3,INE615P01015,QUESS,NON_FO,32.11,3.11
67ebfe0b6c041d0534de2bf7,INE961O01016,RAINBOW,NON_FO,31.98,3.13
67ebfe0b6c041d0534de2c01,INE027A01015,RCF,NON_FO,37.96,2.63
67ebfe0b6c041d0534de2c03,INE891D01026,REDINGTON,NON_FO,35.3,2.83
67ebfe0b6c041d0534de2c05,INE002A01018,RELIANCE,FO,20,5
67ebfe0b6c041d0534de2c08,INE612J01015,REPCOHOME,NON_FO,34.51,2.9
67ebfe0b6c041d0534de2c0a,INE722H01024,RGL,NON_FO,39.09,2.56
67ebfe0b6c041d0534de2b2c,INE789E01012,JKPAPER,NON_FO,34.04,2.94
67ebfe0b6c041d0534de2b33,INE019A01038,JSWSTEEL,FO,20.23,4.94
67ebfe0b6c041d0534de2b36,INE0BY001018,JUBLINGREA,NON_FO,35.49,2.82
67ebfe0b6c041d0534de2b38,INE696F01016,JUNIPER,NON_FO,33.53,2.98
67ebfe0b6c041d0534de2b3a,INE668F01031,JYOTHYLAB,NON_FO,32.41,3.09
67ebfe0b6c041d0534de2b41,INE389H01022,KEC,NON_FO,36,2.78
67ebfe0b6c041d0534de2b4d,INE0Q3J01015,KRN,NON_FO,37.11,2.69
67ebfe0b6c041d0534de2b56,INE559R01029,LANDMARK,NON_FO,33.3,3
67ebfe0b6c041d0534de2b59,INE970X01018,LEMONTREE,NON_FO,32.63,3.06
67ebfe0b6c041d0534de2b5a,INE337A01034,LGBBROSLTD,NON_FO,30.94,3.23
67ebfe0b6c041d0534de2b62,INE670K01029,LODHA,FO,28.9,3.46
67ebfe0b6c041d0534de2b69,INE576O01020,LXCHEM,NON_FO,32.06,3.12
67ebfe0b6c041d0534de2b6c,INE813A01018,MAHLIFE,NON_FO,31.52,3.17
67ebfe0b6c041d0534de2b6f,INE683C01011,MAITHANALL,NON_FO,32.08,3.12
67ebfe0b6c041d0534de2b75,INE634S01028,MANKIND,NON_FO,30.62,3.27
67ebfe0b6c041d0534de2b76,INE825V01034,MANYAVAR,NON_FO,31.67,3.16
67ebfe0b6c041d0534de2b7a,INE585B01010,MARUTI,FO,20,5
67ebfe0b6c041d0534de2b7b,INE348L01012,MASFIN,NON_FO,29.69,3.37
67ebfe0b6c041d0534de2b86,INE180A01020,MFSL,FO,22.16,4.51
67ebfe0b6c041d0534de2b87,INE002S01010,MGL,FO,26.32,3.8
67ebfe0b6c041d0534de2b8d,INE903D01011,MONARCH,NON_FO,37.6,2.66
67ebfe0b6c041d0534de2b91,INE775A01035,MOTHERSON,FO,24.46,4.09
67ebfe0b6c041d0534de2b94,INE103A01014,MRPL,NON_FO,38.26,2.61
67ebfe0b6c041d0534de2b96,INE220Q01020,MUFTI,NON_FO,34.75,2.88
67ebfe0b6c041d0534de2b98,INE414G01012,MUTHOOTFIN,FO,21.48,4.66
67ebfe0b6c041d0534de2b9b,INE298J01013,NAM-INDIA,NON_FO,34.19,2.92
67ebfe0b6c041d0534de2b9d,INE725A01030,NAVA,NON_FO,38.6,2.59
67ebfe0b6c041d0534de2ba1,INE418L01021,NAZARA,NON_FO,33.43,2.99
67ebfe0b6c041d0534de2ba3,INE732C01016,NCLIND,NON_FO,31.33,3.19
67ebfe0b6c041d0534de2ba5,INE045B01015,NELCO,NON_FO,39.54,2.53
67ebfe0b6c041d0534de2ba6,INE136S01016,NEOGEN,NON_FO,38.02,2.63
67ebfe0b6c041d0534de2bb0,INE161A01038,NIITLTD,NON_FO,41.69,2.4
67ebfe0b6c041d0534de2bc0,INE213A01029,ONGC,FO,23.47,4.26
67ebfe0b6c041d0534de2bc4,INE725E01024,ORISSAMINE,NON_FO,37.37,2.68
67ebfe0b6c041d0534de2bc5,INE761H01022,PAGEIND,FO,20.38,4.91
67ebfe0b6c041d0534de2bcc,INE602A01031,PCBL,NON_FO,36.79,2.72
67ebfe0b6c041d0534de2bce,INE932A01024,PENIND,NON_FO,40.97,2.44
67ebfe0b6c041d0534de2bd0,INE347G01014,PETRONET,FO,23.07,4.33
67ebfe0b6c041d0534de2bda,INE160A01022,PNB,FO,24.8,4.03
67ebfe0b6c041d0534de2bde,INE417T01026,POLICYBZR,FO,29.15,3.43
67ebfe0b6c041d0534de2be2,INE752E01010,POWERGRID,FO,21.6,4.63
67ebfe0b6c041d0534de2be5,INE0DK501011,PPLPHARMA,NON_FO,36.52,2.74
67ebfe0b6c041d0534de2be9,INE0BS701011,PREMIERENE,NON_FO,35.56,2.81
67ebfe0b6c041d0534de2bf0,INE488V01015,PSPPROJECT,NON_FO,29.49,3.39
67ebfe0b6c041d0534de2bfb,INE614A01028,RAMCOIND,NON_FO,32.29,3.1
67ebfe0b6c041d0534de2bfe,INE301A01014,RAYMOND,NON_FO,41.19,2.43
67ebfe0b6c041d0534de2c00,INE976G01028,RBLBANK,FO,27.76,3.6
67ebfe0b6c041d0534de2c0b,INE743M01012,RHIM,NON_FO,32.21,3.1
67ebfe0b6c041d0534de2c0f,INE399G01023,RKFORGE,NON_FO,35.23,2.84
67ebfe0b6c041d0534de2c1a,INE895B01021,RUPA,NON_FO,32.11,3.11
67ebfe0b6c041d0534de2c1f,INE667G01023,SAKSOFT,NON_FO,36.31,2.75
67ebfe0b6c041d0534de2c23,INE0JPD01013,SANATHAN,NON_FO,27.04,3.7
67ebfe0b6c041d0534de2c24,INE278H01035,SANDHAR,NON_FO,35.36,2.83
67ebfe0b6c041d0534de2c30,INE386D01027,SBCL,NON_FO,35.13,2.85
67ebfe0b6c041d0534de2c31,INE423Y01016,SBFC,NON_FO,30.73,3.25
67ebfe0b6c041d0534de2c38,INE480C01038,SDBL,NON_FO,35.42,2.82
67ebfe0b6c041d0534de2c3a,INE964H01014,SEPC,NON_FO,44.45,2.25
67ebfe0b6c041d0534de2c3e,INE274V01019,SHANKARA,NON_FO,36.81,2.72
67ebfe0b6c041d0534de2c40,INE500L01026,SHK,NON_FO,37.05,2.7
67ebfe0b6c041d0534de2c42,INE232A01011,SHREDIGCEM,NON_FO,30.14,3.32
67ebfe0b6c041d0534de2c4d,INE002L01015,SJVN,FO,30.12,3.32
67ebfe0b6c041d0534de2c4e,INE103C01036,SMCGLOBAL,NON_FO,33.17,3.01
67ebfe0b6c041d0534de2c57,INE802C01033,SSWL,NON_FO,31.18,3.21
67ebfe0b6c041d0534de2c58,INE01A001028,STANLEY,NON_FO,31.16,3.21
67ebfe0b6c041d0534de2c11,INE645S01016,ROLEXRINGS,NON_FO,31.74,3.15
67ebfe0b6c041d0534de2c12,INE02A801020,ROSSARI,NON_FO,29.77,3.36
67ebfe0b6c041d0534de2c13,INE535D01037,ROTO,NON_FO,38.2,2.62
67ebfe0b6c041d0534de2c15,INE105J01010,RPGLIFE,NON_FO,36.14,2.77
67ebfe0b6c041d0534de2c18,INE0J1F01024,RPTECH,NON_FO,32.85,3.04
67ebfe0b6c041d0534de2c19,INE834M01019,RTNINDIA,NON_FO,38.04,2.63
67ebfe0b6c041d0534de2c1b,INE415G01027,RVNL,NON_FO,41.79,2.39
67ebfe0b6c041d0534de2c20,INE457F01013,SALZERELEC,NON_FO,41.95,2.38
67ebfe0b6c041d0534de2c25,INE149K01016,SANDUMA,NON_FO,50,2
67ebfe0b6c041d0534de2c26,INE999B01013,SANGHIIND,NON_FO,33.81,2.96
67ebfe0b6c041d0534de2c2c,INE979A01025,SAREGAMA,NON_FO,37.01,2.7
67ebfe0b6c041d0534de2c2d,INE170E01023,SATIA,NON_FO,32.15,3.11
67ebfe0b6c041d0534de2c34,INE062A01020,SBIN,FO,20.71,4.83
67ebfe0b6c041d0534de2c35,INE513A01022,SCHAEFFLER,NON_FO,30.36,3.29
67ebfe0b6c041d0534de2c3c,INE0M4D01010,SGLTL,NON_FO,30.19,3.31
67ebfe0b6c041d0534de2c44,INE526E01018,SHRIPISTON,NON_FO,34.23,2.92
67ebfe0b6c041d0534de2c47,INE810G01011,SHYAMMETL,NON_FO,32.69,3.06
67ebfe0b6c041d0534de2c49,INE0D0K01022,SIGACHI,NON_FO,37.23,2.69
67ebfe0b6c041d0534de2c4f,INE812G01025,SMSPHARMA,NON_FO,38.58,2.59
67ebfe0b6c041d0534de2c54,INE147A01011,SPIC,NON_FO,34.73,2.88
67ebfe0b6c041d0534de2c56,INE647A01010,SRF,FO,21.93,4.56
67ebfe0b6c041d0534de2c59,INE939A01011,STAR,NON_FO,36.37,2.75
67ebfe0b6c041d0534de2c60,INE01FR01028,STYLEBAAZA,NON_FO,35.28,2.83
67ebfe0b6c041d0534de2c69,INE209A01019,SUNDROP,NON_FO,39.58,2.53
67ebfe0b6c041d0534de2c6b,INE805D01034,SUNTECK,NON_FO,33.79,2.96
67ebfe0b6c041d0534de2c74,INE00H001014,SWIGGY,NON_FO,33.18,3.01
67ebfe0b6c041d0534de2c79,INE187D01029,TALBROAUTO,NON_FO,38.51,2.6
67ebfe0b6c041d0534de2c7a,INE483C01032,TANLA,NON_FO,36.07,2.77
67ebfe0b6c041d0534de2c7b,INE144Z01023,TARSONS,NON_FO,33.12,3.02
67ebfe0b6c041d0534de2c85,INE0GK401011,TATVA,NON_FO,32.42,3.08
67ebfe0b6c041d0534de2c8c,INE669C01036,TECHM,FO,20.9,4.78
67ebfe0b6c041d0534de2c99,INE338A01024,TIRUMALCHM,NON_FO,36.61,2.73
67ebfe0b6c041d0534de2c9a,INE615H01020,TITAGARH,FO,32.02,3.12
67ebfe0b6c041d0534de2ca1,INE256C01024,TRIVENI,NON_FO,35.22,2.84
67ebfe0b6c041d0534de2caa,INE583D01011,UGROCAP,NON_FO,33.59,2.98
67ebfe0b6c041d0534de2cb3,INE405E01023,UNOMINDA,NON_FO,33.21,3.01
67ebfe0b6c041d0534de2cb5,INE228A01035,USHAMART,NON_FO,35.09,2.85
67ebfe0b6c041d0534de2cb7,INE665L01035,VARROC,NON_FO,35.22,2.84
67ebfe0b6c041d0534de2cb8,INE893I01013,VASCONEQ,NON_FO,38.86,2.57
67ebfe0b6c041d0534de2cbb,INE398A01010,VENKEYS,NON_FO,32.72,3.06
67ebfe0b6c041d0534de2cbe,INE951I01027,VGUARD,NON_FO,29.66,3.37
67ebfe0b6c041d0534de2cc4,INE665J01013,VMART,NON_FO,32.93,3.04
67ebfe0b6c041d0534de2cce,INE0CJF01024,WCIL,NON_FO,28.6,3.5
67ebfe0b6c041d0534de2cd0,INE625G01013,WELENT,NON_FO,35.72,2.8
67ebfe0b6c041d0534de2cdb,INE953L01027,JSFB,NON_FO,36.02,2.78
67ebfe0b6c041d0534de2cde,INE101A01026,M&M,FO,22.88,4.37
67ebfe0b6c041d0534de2ce0,INE118D01016,NUVOCO,NON_FO,29,3.45
67ebfe0b6c041d0534de2ce8,INE489L01022,IIFLCAPS,NON_FO,42.89,2.33
67ebfe0b6c041d0534de2cea,INE0HV901016,IXIGO,NON_FO,32.93,3.04
67ebfe0b6c041d0534de2cee,INE036D01028,KARURVYSYA,NON_FO,30.99,3.23
67ebfe0b6c041d0534de2cf5,INE868B01028,NCC,FO,30.19,3.31
67ebfe0b6c041d0534de2cfb,INE244B01030,PATELENG,NON_FO,36.99,2.7
67ebfe0b6c041d0534de2cfc,INE140A01024,PEL,FO,26.22,3.81
67ebfe0b6c041d0534de2cfd,INE211B01039,PHOENIXLTD,FO,27.85,3.59
67ebfe0b6c041d0534de2d00,INE855B01025,RAIN,NON_FO,33.25,3.01
67ebfe0b6c041d0534de2d01,INE874I01013,RAMKY,NON_FO,39.39,2.54
67ebfe0b6c041d0534de2d02,INE953O01021,SANSERA,NON_FO,30.25,3.31
67ebfe0b6c041d0534de2d03,INE231F01020,SASKEN,NON_FO,37.31,2.68
67ebfe0b6c041d0534de2d0c,INE670A01012,TATAELXSI,FO,23.03,4.34
67ebfe0b6c041d0534de2d14,INE880L01014,KIOCL,NON_FO,41.37,2.42
67ebfe0b6c041d0534de2d1b,INE933S01016,INDIAMART,NON_FO,30.97,3.23
67ebfe0b6c041d0534de2c5b,INE575P01011,STARHEALTH,NON_FO,27.75,3.6
67ebfe0b6c041d0534de2c62,INE754A01055,SUBEXLTD,NON_FO,38.73,2.58
67ebfe0b6c041d0534de2c63,INE287B01021,SUBROS,NON_FO,35.33,2.83
67ebfe0b6c041d0534de2c64,INE142Q01026,SULA,NON_FO,31.29,3.2
67ebfe0b6c041d0534de2c66,INE0Q3R01026,SUNCLAY,NON_FO,36.51,2.74
67ebfe0b6c041d0534de2c72,INE03QK01018,SUVENPHAR,NON_FO,31.72,3.15
67ebfe0b6c041d0534de2c7c,INE488B01017,TASTYBITE,NON_FO,33.22,3.01
67ebfe0b6c041d0534de2c7d,INE092A01019,TATACHEM,FO,23.08,4.33
67ebfe0b6c041d0534de2c7f,INE192A01025,TATACONSUM,FO,20,5
67ebfe0b6c041d0534de2c80,INE672A01018,TATAINVEST,NON_FO,34.92,2.86
67ebfe0b6c041d0534de2c81,INE155A01022,TATAMOTORS,FO,22.75,4.4
67ebfe0b6c041d0534de2c89,INE467B01029,TCS,FO,20,5
67ebfe0b6c041d0534de2c8d,INE011K01018,TEGA,NON_FO,34.21,2.92
67ebfe0b6c041d0534de2c8f,INE621L01012,TEXRAIL,NON_FO,40.55,2.47
67ebfe0b6c041d0534de2c90,INE305A01015,TFCILTD,NON_FO,40.16,2.49
67ebfe0b6c041d0534de2c91,INE085J01014,THANGAMAYL,NON_FO,38.96,2.57
67ebfe0b6c041d0534de2c95,INE974X01010,TIINDIA,FO,26.57,3.76
67ebfe0b6c041d0534de2c9f,INE849A01020,TRENT,FO,25.54,3.92
67ebfe0b6c041d0534de2ca0,INE152M01016,TRITURBINE,NON_FO,40.19,2.49
67ebfe0b6c041d0534de2ca6,INE686F01025,UBL,NON_FO,27.32,3.66
67ebfe0b6c041d0534de2ca8,INE851I01011,UDS,NON_FO,32.99,3.03
67ebfe0b6c041d0534de2cad,INE351A01035,UNICHEMLAB,NON_FO,34.05,2.94
67ebfe0b6c041d0534de2cb0,INE692A01016,UNIONBANK,FO,26.4,3.79
67ebfe0b6c041d0534de2cb6,INE735W01017,UTKARSHBNK,NON_FO,32.39,3.09
67ebfe0b6c041d0534de2cc2,INE054A01027,VIPIND,NON_FO,32.3,3.1
67ebfe0b6c041d0534de2cc6,INE540H01012,VOLTAMP,NON_FO,39.97,2.5
67ebfe0b6c041d0534de2cc8,INE0S2V01010,VRAJ,NON_FO,32.65,3.06
67ebfe0b6c041d0534de2cd2,INE217B01036,KAJARIACER,NON_FO,28.7,3.48
67ebfe0b6c041d0534de2cd7,INE0CT101020,MOL,NON_FO,34.35,2.91
67ebfe0b6c041d0534de2cd8,INE411H01032,RSYSTEMS,NON_FO,34.04,2.94
67ebfe0b6c041d0534de2cd9,INE285K01026,TECHNOE,NON_FO,38.77,2.58
67ebfe0b6c041d0534de2cda,INE175A01038,JISLJALEQS,NON_FO,39.57,2.53
67ebfe0b6c041d0534de2ce1,INE0LXG01040,OLAELEC,NON_FO,37.89,2.64
67ebfe0b6c041d0534de2cef,INE146L01010,KIRLOSENG,NON_FO,34.86,2.87
67ebfe0b6c041d0534de2cf4,INE883A01011,MRF,FO,20,5
67ebfe0b6c041d0534de2cf8,INE096B01018,NUCLEUS,NON_FO,36.34,2.75
67ebfe0b6c041d0534de2cfa,INE619A01035,PATANJALI,FO,23.48,4.26
67ebfe0b6c041d0534de2cfe,INE205C01021,POLYMED,NON_FO,34.75,2.88
67ebfe0b6c041d0534de2d04,INE065D01027,SATINDLTD,NON_FO,38.94,2.57
67ebfe0b6c041d0534de2d09,INE734N01019,SNOWMAN,NON_FO,36.62,2.73
67ebfe0b6c041d0534de2d0f,INE395N01027,TVSSCS,NON_FO,32.78,3.05
67ebfe0b6c041d0534de2d11,INE410B01037,VINATIORGA,NON_FO,28.41,3.52
67ebfe0b6c041d0534de2d16,INE864I01014,MTARTECH,NON_FO,34.65,2.89
67ebfe0b6c041d0534de2d18,INE725G01011,ICRA,NON_FO,29.36,3.41
67ebfe0b6c041d0534de2d1c,INE197D01010,JINDALPOLY,NON_FO,36.94,2.71
67ebfe0b6c041d0534de2b29,INE758E01017,JIOFIN,FO,24.04,4.16
67ebfe0b6c041d0534de2b2a,INE576I01022,JKIL,NON_FO,34.68,2.88
67ebfe0b6c041d0534de2b2b,INE786A01032,JKLAKSHMI,NON_FO,30.25,3.31
67ebfe0b6c041d0534de2b31,INE121E01018,JSWENERGY,FO,29.14,3.43
67ebfe0b6c041d0534de2b35,INE797F01020,JUBLFOOD,FO,23.36,4.28
67ebfe0b6c041d0534de2b3c,INE438K01021,KALAMANDIR,NON_FO,32.89,3.04
67ebfe0b6c041d0534de2b3d,INE390H01020,KAMDHENU,NON_FO,40.84,2.45
67ebfe0b6c041d0534de2b45,INE732A01036,KIRLOSBROS,NON_FO,40.79,2.45
67ebfe0b6c041d0534de2b46,INE634I01029,KNRCON,NON_FO,34.06,2.94
67ebfe0b6c041d0534de2b47,INE094I01018,KOLTEPATIL,NON_FO,35.33,2.83
67ebfe0b6c041d0534de2b4b,INE930H01031,KPRMILL,NON_FO,31.3,3.19
67ebfe0b6c041d0534de2b4c,INE001B01026,KRBL,NON_FO,31.53,3.17
67ebfe0b6c041d0534de2b50,INE0QN801017,KRYSTAL,NON_FO,34.8,2.87
67ebfe0b6c041d0534de2b51,INE999A01023,KSB,NON_FO,31.78,3.15
67ebfe0b6c041d0534de2b52,INE455I01029,KSCL,NON_FO,35.3,2.83
67ebfe0b6c041d0534de2b54,INE614B01018,KTKBANK,NON_FO,30.7,3.26
67ebfe0b6c041d0534de2b5c,INE0J1Y01017,LICI,FO,22.76,4.39
67ebfe0b6c041d0534de2b61,INE269B01029,LMW,NON_FO,29.25,3.42
67ebfe0b6c041d0534de2b65,INE214T01019,LTIM,FO,22.59,4.43
67ebfe0b6c041d0534de2b67,INE872H01027,LUMAXTECH,NON_FO,33.9,2.95
67ebfe0b6c041d0534de2b6a,INE774D01024,M&MFIN,FO,23.23,4.3
67ebfe0b6c041d0534de2b74,INE949H01023,MANINFRA,NON_FO,35.21,2.84
67ebfe0b6c041d0534de2b77,INE0BV301023,MAPMYINDIA,NON_FO,33.68,2.97
67ebfe0b6c041d0534de2b89,INE842C01021,MINDACORP,NON_FO,33.58,2.98
67ebfe0b6c041d0534de2b8b,INE123F01029,MMTC,NON_FO,39.36,2.54
67ebfe0b6c041d0534de2b90,INE935B01025,MOSCHIP,NON_FO,27.33,3.66
67ebfe0b6c041d0534de2b9a,INE0KNT01012,MVGJL,NON_FO,40.45,2.47
67ebfe0b6c041d0534de2b9c,INE139A01034,NATIONALUM,FO,28.9,3.46
67ebfe0b6c041d0534de2ba7,INE317F01035,NESCO,NON_FO,29.57,3.38
67ebfe0b6c041d0534de2ba8,INE239A01024,NESTLEIND,FO,20,5
67ebfe0b6c041d0534de2bab,INE794A01010,NEULANDLAB,NON_FO,41.05,2.44
67ebfe0b6c041d0534de2bb2,INE229H01012,NITINSPIN,NON_FO,34.7,2.88
67ebfe0b6c041d0534de2bb4,INE589A01014,NLCINDIA,NON_FO,37.93,2.64
67ebfe0b6c041d0534de2bb5,INE850M01015,NORTHARC,NON_FO,27.37,3.65
67ebfe0b6c041d0534de2bb7,INE733E01010,NTPC,FO,22.29,4.49
67ebfe0b6c041d0534de2bb9,INE531F01015,NUVAMA,NON_FO,37.26,2.68
67ebfe0b6c041d0534de2bba,INE388Y01029,NYKAA,FO,23.74,4.21
67ebfe0b6c041d0534de2bcb,INE982J01020,PAYTM,FO,33.88,2.95
67ebfe0b6c041d0534de2bd3,INE560K01014,PFS,NON_FO,38.89,2.57
67ebfe0b6c041d0534de2bd4,INE179A01014,PGHH,NON_FO,26.5,3.77
67ebfe0b6c041d0534de2bd7,INE318A01026,PIDILITIND,FO,20,5
67ebfe0b6c041d0534de2bd8,INE751B01018,PIXTRANS,NON_FO,40.04,2.5
67ebfe0b6c041d0534de2be4,INE050001010,PPL,NON_FO,37.89,2.64
67ebfe0b6c041d0534de2be6,INE074A01025,PRAJIND,NON_FO,34.98,2.86
67ebfe0b6c041d0534de2bea,INE811K01011,PRESTIGE,FO,28.47,3.51
67ebfe0b6c041d0534de2beb,INE726V01018,PRICOLLTD,NON_FO,32.29,3.1
67ebfe0b6c041d0534de2bee,INE010A01011,PRSMJOHNSN,NON_FO,35.28,2.83
67ebfe0b6c041d0534de2bf1,INE877F01012,PTC,NON_FO,35.11,2.85
67ebfe0b6c041d0534de2bf2,INE191H01014,PVRINOX,NON_FO,29.99,3.33
67ebfe0b6c041d0534de2bf4,INE306L01010,QUICKHEAL,NON_FO,40.5,2.47
67ebfe0b6c041d0534de2bf5,INE944F01028,RADICO,NON_FO,31.9,3.13
67ebfe0b6c041d0534de2bf6,INE0DD101019,RAILTEL,NON_FO,40.53,2.47
67ebfe0b6c041d0534de2bfa,INE331A01037,RAMCOCEM,FO,21.04,4.75
67ebfe0b6c041d0534de2bff,INE07T201019,RBA,NON_FO,30.98,3.23
67ebfe0b6c041d0534de2c04,INE131B01039,RELAXO,NON_FO,27.38,3.65
67ebfe0b6c041d0534de2c07,INE087H01022,RENUKA,NON_FO,35.03,2.85
67ebfe0b6c041d0534de2c09,INE688D01026,RESPONIND,NON_FO,34.47,2.9
67ebfe0b6c041d0534de2c0c,INE209B01025,RICOAUTO,NON_FO,39.42,2.54
67ebfe0b6c041d0534de2c0d,INE046A01015,RIIL,NON_FO,36.26,2.76
67ebfe0b6c041d0534de2c0e,INE320J01015,RITES,NON_FO,37.26,2.68
67ebfe0b6c041d0534de2c16,INE614G01033,RPOWER,NON_FO,40.88,2.45
67ebfe0b6c041d0534de2c1c,INE429E01023,SAFARI,NON_FO,32.6,3.07
67ebfe0b6c041d0534de2c1e,INE570L01029,SAILIFE,NON_FO,28.6,3.5
67ebfe0b6c041d0534de2c21,INE08U801020,SAMHI,NON_FO,32.27,3.1
67ebfe0b6c041d0534de2b2d,INE573A01042,JKTYRE,NON_FO,32.69,3.06
67ebfe0b6c041d0534de2b2f,INE780C01023,JMFINANCIL,NON_FO,36.9,2.71
67ebfe0b6c041d0534de2b3b,INE900B01029,KABRAEXTRU,NON_FO,38.47,2.6
67ebfe0b6c041d0534de2b3e,INE531A01024,KANSAINER,NON_FO,27.65,3.62
67ebfe0b6c041d0534de2b42,INE164B01022,KELLTONTEC,NON_FO,41.1,2.43
67ebfe0b6c041d0534de2b4a,INE04I401011,KPITTECH,FO,26.62,3.76
67ebfe0b6c041d0534de2b55,INE600L01024,LALPATHLAB,NON_FO,28.99,3.45
67ebfe0b6c041d0534de2b5b,INE115A01026,LICHSGFIN,FO,23.61,4.24
67ebfe0b6c041d0534de2b5f,INE093R01011,LLOYDSENGG,NON_FO,41.31,2.42
67ebfe0b6c041d0534de2b63,INE018A01030,LT,FO,20.73,4.82
67ebfe0b6c041d0534de2b64,INE498L01015,LTF,FO,24.02,4.16
67ebfe0b6c041d0534de2b68,INE326A01037,LUPIN,FO,21.36,4.68
67ebfe0b6c041d0534de2b6e,INE271B01025,MAHSEAMLES,NON_FO,33.53,2.98
67ebfe0b6c041d0534de2b70,INE0TO701015,MAMATA,NON_FO,33.36,3
67ebfe0b6c041d0534de2b73,INE558B01017,MANGCHEFER,NON_FO,34.79,2.87
67ebfe0b6c041d0534de2b78,INE196A01026,MARICO,FO,20.12,4.97
67ebfe0b6c041d0534de2b7c,INE759A01021,MASTEK,NON_FO,34.62,2.89
67ebfe0b6c041d0534de2b7d,INE027H01010,MAXHEALTH,FO,26.03,3.84
67ebfe0b6c041d0534de2b7e,INE040D01038,MAYURUNIQ,NON_FO,30.48,3.28
67ebfe0b6c041d0534de2b83,INE804L01022,MEDPLUS,NON_FO,29.52,3.39
67ebfe0b6c041d0534de2b84,INE317I01021,METROBRAND,NON_FO,30.74,3.25
67ebfe0b6c041d0534de2b88,INE099Z01011,MIDHANI,NON_FO,36.93,2.71
67ebfe0b6c041d0534de2b8c,INE490G01020,MOIL,NON_FO,37.05,2.7
67ebfe0b6c041d0534de2b8e,INE950M01013,MONTECARLO,NON_FO,33.88,2.95
67ebfe0b6c041d0534de2b8f,INE083A01026,MOREPENLAB,NON_FO,39.38,2.54
67ebfe0b6c041d0534de2b92,INE338I01027,MOTILALOFS,NON_FO,38.68,2.59
67ebfe0b6c041d0534de2b93,INE356A01018,MPHASIS,FO,23.43,4.27
67ebfe0b6c041d0534de2b95,INE0FS801015,MSUMI,NON_FO,27.76,3.6
67ebfe0b6c041d0534de2b9e,INE048G01026,NAVINFLUOR,NON_FO,30.34,3.3
67ebfe0b6c041d0534de2b9f,INE278M01019,NAVKARCORP,NON_FO,42.01,2.38
67ebfe0b6c041d0534de2ba9,INE0NT901020,NETWEB,NON_FO,39.21,2.55
67ebfe0b6c041d0534de2bad,INE410P01011,NH,NON_FO,30.11,3.32
67ebfe0b6c041d0534de2bae,INE848E01016,NHPC,FO,25.92,3.86
67ebfe0b6c041d0534de2baf,INE470Y01017,NIACL,NON_FO,38.52,2.6
67ebfe0b6c041d0534de2bb3,INE995S01015,NIVABUPA,NON_FO,30.2,3.31
67ebfe0b6c041d0534de2bbc,INE881D01027,OFSS,FO,25.77,3.88
67ebfe0b6c041d0534de2bbf,INE840Y01029,ONEPOINT,NON_FO,41.09,2.43
67ebfe0b6c041d0534de2bc1,INE876N01018,ORIENTCEM,NON_FO,33.48,2.99
67ebfe0b6c041d0534de2bc2,INE142Z01019,ORIENTELEC,NON_FO,32.07,3.12
67ebfe0b6c041d0534de2bc3,INE750A01020,ORIENTHOT,NON_FO,36.26,2.76
67ebfe0b6c041d0534de2bc6,INE420C01059,PAISALO,NON_FO,38.85,2.57
67ebfe0b6c041d0534de2bcd,INE111Q01021,PDSL,NON_FO,33.55,2.98
67ebfe0b6c041d0534de2bd1,INE134E01011,PFC,FO,28.84,3.47
67ebfe0b6c041d0534de2bd6,INE940H01022,PGIL,NON_FO,41.12,2.43
67ebfe0b6c041d0534de2bdb,INE859A01011,PNBGILTS,NON_FO,34.99,2.86
67ebfe0b6c041d0534de2bdc,INE572E01012,PNBHOUSING,FO,27.59,3.62
67ebfe0b6c041d0534de2bdd,INE953R01016,PNGJL,NON_FO,30.76,3.25
67ebfe0b6c041d0534de2be0,INE633B01018,POLYPLEX,NON_FO,34.56,2.89
67ebfe0b6c041d0534de2be1,INE511C01022,POONAWALLA,FO,26.68,3.75
67ebfe0b6c041d0534de2be3,INE07Y701011,POWERINDIA,NON_FO,40.16,2.49
67ebfe0b6c041d0534de2bed,INE004A01022,PROTEAN,NON_FO,26.5,3.77
67ebfe0b6c041d0534de2bef,INE608A01012,PSB,NON_FO,37.41,2.67
67ebfe0b6c041d0534de2bf8,INE451D01029,RAJRATAN,NON_FO,32.91,3.04
67ebfe0b6c041d0534de2bf9,INE613A01020,RALLIS,NON_FO,32.98,3.03
67ebfe0b6c041d0534de2bfc,INE0CLI01024,RATEGAIN,NON_FO,35.09,2.85
67ebfe0b6c041d0534de2bfd,INE703B01027,RATNAMANI,NON_FO,29.8,3.36
67ebfe0b6c041d0534de2c02,INE020B01018,RECLTD,FO,29.26,3.42
67ebfe0b6c041d0534de2c06,INE621H01010,RELIGARE,NON_FO,34.64,2.89
67ebfe0b6c041d0534de2c10,INE283H01019,ROHLTD,NON_FO,35.46,2.82
67ebfe0b6c041d0534de2c14,INE450U01017,ROUTE,NON_FO,30.4,3.29
67ebfe0b6c041d0534de2c17,INE425Y01011,RPSGVENT,NON_FO,38.7,2.58
67ebfe0b6c041d0534de2c1d,INE114A01011,SAIL,FO,27.71,3.61
67ebfe0b6c041d0534de2c22,INE148I01020,SAMMAANCAP,NON_FO,36.72,2.72
67ebfe0b6c041d0534de2c27,INE989A01032,SANGHVIMOV,NON_FO,41.39,2.42
67ebfe0b6c041d0534de2c28,INE058A01010,SANOFI,NON_FO,26.5,3.77
67ebfe0b6c041d0534de2c29,INE08NE01025,SANSTAR,NON_FO,31.65,3.16
67ebfe0b6c041d0534de2c2a,INE806T01020,SAPPHIRE,NON_FO,31.51,3.17
67ebfe0b6c041d0534de2c33,INE123W01016,SBILIFE,FO,20,5
67ebfe0b6c041d0534de2c36,INE109A01011,SCI,NON_FO,39.41,2.54
67ebfe0b6c041d0534de2c37,INE0PB301013,SCILAL,NON_FO,35.79,2.79
67ebfe0b6c041d0534de2c39,INE818A01017,SELAN,NON_FO,41.63,2.4
67ebfe0b6c041d0534de2c3d,INE597J01018,SHALBY,NON_FO,33.53,2.98
67ebfe0b6c041d0534de2c3f,INE932X01026,SHAREINDIA,NON_FO,34.17,2.93
67ebfe0b6c041d0534de2c41,INE498B01024,SHOPERSTOP,NON_FO,32.32,3.09
67ebfe0b6c041d0534de2c45,INE721A01047,SHRIRAMFIN,FO,24.64,4.06
67ebfe0b6c041d0534de2c46,INE217L01019,SHRIRAMPPS,NON_FO,37.36,2.68
67ebfe0b6c041d0534de2c48,INE003A01024,SIEMENS,FO,24.98,4
67ebfe0b6c041d0534de2c4b,INE285J01028,SIS,NON_FO,30.35,3.29
67ebfe0b6c041d0534de2c51,INE343H01029,SOLARINDS,FO,26.06,3.84
67ebfe0b6c041d0534de2c53,INE683A01023,SOUTHBANK,NON_FO,32.68,3.06
67ebfe0b6c041d0534de2c55,INE663A01033,SPLPETRO,NON_FO,31.37,3.19
67ebfe0b6c041d0534de2c5e,INE00IN01015,STOVEKRAFT,NON_FO,37.14,2.69
67ebfe0b6c041d0534de2c61,INE189B01011,STYRENIX,NON_FO,32.7,3.06
67ebfe0b6c041d0534de2c67,INE660A01013,SUNDARMFIN,NON_FO,33.32,3
67ebfe0b6c041d0534de2c6c,INE424H01027,SUNTV,NON_FO,29.23,3.42
67ebfe0b6c041d0534de2c6d,INE399C01030,SUPRAJIT,NON_FO,31.51,3.17
67ebfe0b6c041d0534de2c6e,INE195A01028,SUPREMEIND,FO,26.2,3.82
67ebfe0b6c041d0534de2c6f,INE877V01027,SURAKSHA,NON_FO,27.56,3.63
67ebfe0b6c041d0534de2c73,INE665A01038,SWANENERGY,NON_FO,40.57,2.46
67ebfe0b6c041d0534de2c75,INE225D01027,SYMPHONY,NON_FO,33.37,3
67ebfe0b6c041d0534de2c77,INE398R01022,SYNGENE,FO,20.94,4.78
67ebfe0b6c041d0534de2c78,INE586B01026,TAJGVK,NON_FO,50,2
67ebfe0b6c041d0534de2c7e,INE151A01013,TATACOMM,FO,22.42,4.46
67ebfe0b6c041d0534de2c84,INE142M01025,TATATECH,FO,20.17,4.96
67ebfe0b6c041d0534de2c87,INE688A01022,TCI,NON_FO,31.76,3.15
67ebfe0b6c041d0534de2c8e,INE010J01012,TEJASNET,NON_FO,39.55,2.53
67ebfe0b6c041d0534de2c93,INE594H01019,THYROCARE,NON_FO,33.33,3
67ebfe0b6c041d0534de2c94,INE545H01011,TIIL,NON_FO,37.43,2.67
67ebfe0b6c041d0534de2c97,INE325A01013,TIMKEN,NON_FO,30.46,3.28
67ebfe0b6c041d0534de2c98,INE716B01029,TIPSMUSIC,NON_FO,36.31,2.75
67ebfe0b6c041d0534de2c9b,INE280A01028,TITAN,FO,20,5
67ebfe0b6c041d0534de2c9c,INE107A01015,TNPL,NON_FO,33.09,3.02
67ebfe0b6c041d0534de2c9e,INE454P01035,TRANSRAILL,NON_FO,30.25,3.31
67ebfe0b6c041d0534de2ca4,INE494B01023,TVSMOTOR,FO,21.81,4.59
67ebfe0b6c041d0534de2ca7,INE691A01018,UCOBANK,NON_FO,36.42,2.75
67ebfe0b6c041d0534de2ca9,INE516A01017,UFLEX,NON_FO,33.9,2.95
67ebfe0b6c041d0534de2cae,INE00U401027,UNIECOM,NON_FO,34.5,2.9
67ebfe0b6c041d0534de2cb1,INE244O01017,UNIPARTS,NON_FO,28.49,3.51
67ebfe0b6c041d0534de2cb4,INE628A01036,UPL,FO,22.04,4.54
67ebfe0b6c041d0534de2cba,INE205A01025,VEDL,FO,24.34,4.11
67ebfe0b6c041d0534de2cbc,INE0JA001018,VENUSPIPES,NON_FO,35.29,2.83
67ebfe0b6c041d0534de2cbf,INE043W01024,VIJAYA,NON_FO,37.48,2.67
67ebfe0b6c041d0534de2cc1,INE707A01012,VINDHYATEL,NON_FO,34.17,2.93
67ebfe0b6c041d0534de2cc3,INE270I01022,VISHNU,NON_FO,35.09,2.85
67ebfe0b6c041d0534de2cc5,INE01EA01019,VMM,NON_FO,27.5,3.64
67ebfe0b6c041d0534de2cc7,INE0AE001013,VPRPL,NON_FO,39.06,2.56
67ebfe0b6c041d0534de2cc9,INE366I01010,VRLLOG,NON_FO,31.56,3.17
67ebfe0b6c041d0534de2cca,INE710A01016,VSTIND,NON_FO,33.68,2.97
67ebfe0b6c041d0534de2ccd,INE956G01038,WABAG,NON_FO,38.43,2.6
67ebfe0b6c041d0534de2ccf,INE02WG01024,WEL,NON_FO,41.87,2.39
67ebfe0b6c041d0534de2cd4,INE0I7C01011,LATENTVIEW,NON_FO,32.07,3.12
67ebfe0b6c041d0534de2cd5,INE347A01017,MANGLMCEM,NON_FO,34.26,2.92
67ebfe0b6c041d0534de2cdd,INE0ATZ01017,KRONOX,NON_FO,33.49,2.99
67ebfe0b6c041d0534de2ce2,INE603J01030,PIIND,FO,20.7,4.83
67ebfe0b6c041d0534de2ce7,INE884A01027,VAIBHAVGBL,NON_FO,35.37,2.83
67ebfe0b6c041d0534de2ceb,INE742C01031,JINDRILL,NON_FO,40.49,2.47
67ebfe0b6c041d0534de2ced,INE303R01014,KALYANKJIL,FO,30.82,3.24
67ebfe0b6c041d0534de2cf0,INE457A01014,MAHABANK,NON_FO,33.92,2.95
67ebfe0b6c041d0534de2c2b,INE385C01021,SARDAEN,NON_FO,36.7,2.72
67ebfe0b6c041d0534de2c2e,INE836B01017,SATIN,NON_FO,32.59,3.07
67ebfe0b6c041d0534de2c2f,INE04AK01028,SBC,NON_FO,36.29,2.76
67ebfe0b6c041d0534de2c32,INE018E01016,SBICARD,FO,20,5
67ebfe0b6c041d0534de2c3b,INE916U01025,SFL,NON_FO,28.91,3.46
67ebfe0b6c041d0534de2c43,INE070A01015,SHREECEM,FO,20,5
67ebfe0b6c041d0534de2c4a,INE903U01023,SIGNATURE,NON_FO,31.62,3.16
67ebfe0b6c041d0534de2c4c,INE284S01014,SJS,NON_FO,35.36,2.83
67ebfe0b6c041d0534de2c50,INE671H01015,SOBHA,NON_FO,35.73,2.8
67ebfe0b6c041d0534de2c52,INE035D01020,SOTL,NON_FO,34.65,2.89
67ebfe0b6c041d0534de2c5a,INE460H01021,STARCEMENT,NON_FO,33.28,3
67ebfe0b6c041d0534de2c5c,INE334A01023,STERTOOLS,NON_FO,39.89,2.51
67ebfe0b6c041d0534de2c5d,INE089C01029,STLTECH,NON_FO,33.53,2.98
67ebfe0b6c041d0534de2c5f,INE239C01020,STYLAMIND,NON_FO,35.69,2.8
67ebfe0b6c041d0534de2c65,INE258G01013,SUMICHEM,NON_FO,32.16,3.11
67ebfe0b6c041d0534de2c68,INE387A01021,SUNDRMFAST,NON_FO,27.87,3.59
67ebfe0b6c041d0534de2c6a,INE044A01036,SUNPHARMA,FO,20,5
67ebfe0b6c041d0534de2c70,INE335A01020,SURYAROSNI,NON_FO,38.92,2.57
67ebfe0b6c041d0534de2c71,INE428Q01011,SURYODAY,NON_FO,35.2,2.84
67ebfe0b6c041d0534de2c76,INE312C01025,SYNCOMF,NON_FO,39.35,2.54
67ebfe0b6c041d0534de2c82,INE245A01021,TATAPOWER,FO,23.33,4.29
67ebfe0b6c041d0534de2c83,INE081A01020,TATASTEEL,FO,21.67,4.61
67ebfe0b6c041d0534de2c86,INE673O01025,TBOTEK,NON_FO,31.23,3.2
67ebfe0b6c041d0534de2c88,INE586V01016,TCIEXP,NON_FO,30.78,3.25
67ebfe0b6c041d0534de2c8a,INE419M01027,TDPOWERSYS,NON_FO,37.31,2.68
67ebfe0b6c041d0534de2c8b,INE985S01024,TEAMLEASE,NON_FO,30.84,3.24
67ebfe0b6c041d0534de2c92,INE152A01029,THERMAX,NON_FO,34.36,2.91
67ebfe0b6c041d0534de2c96,INE508G01029,TIMETECHNO,NON_FO,38.5,2.6
67ebfe0b6c041d0534de2c9d,INE813H01021,TORNTPOWER,FO,27.74,3.6
67ebfe0b6c041d0534de2ca2,INE690A01028,TTKPRESTIG,NON_FO,28.62,3.49
67ebfe0b6c041d0534de2ca3,INE517B01013,TTML,NON_FO,38.79,2.58
67ebfe0b6c041d0534de2ca5,INE038F01029,TVTODAY,NON_FO,32.03,3.12
67ebfe0b6c041d0534de2cab,INE551W01018,UJJIVANSFB,NON_FO,32.29,3.1
67ebfe0b6c041d0534de2cac,INE481G01011,ULTRACEMCO,FO,20.02,5
67ebfe0b6c041d0534de2caf,INE0U3I01011,UNIMECH,NON_FO,28.69,3.49
67ebfe0b6c041d0534de2cb2,INE854D01024,UNITDSPR,FO,20.87,4.79
67ebfe0b6c041d0534de2cb9,INE200M01039,VBL,FO,25.26,3.96
67ebfe0b6c041d0534de2cbd,INE386A01015,VESUVIUS,NON_FO,33.88,2.95
67ebfe0b6c041d0534de2cc0,INE498Q01014,VINCOFE,NON_FO,37.35,2.68
67ebfe0b6c041d0534de2ccb,INE825A01020,VTL,NON_FO,31.86,3.14
67ebfe0b6c041d0534de2ccc,INE377N01017,WAAREEENER,NON_FO,32.58,3.07
67ebfe0b6c041d0534de2cd1,INE0Q9301021,IGIL,NON_FO,33.33,3
67ebfe0b6c041d0534de2cd3,INE401H01017,KKCL,NON_FO,30.56,3.27
67ebfe0b6c041d0534de2cd6,INE03EI01018,MAXESTATES,NON_FO,36.77,2.72
67ebfe0b6c041d0534de2cdc,INE878B01027,KEI,FO,30.82,3.24
67ebfe0b6c041d0534de2cdf,INE584A01023,NMDC,FO,25.55,3.91
67ebfe0b6c041d0534de2ce3,INE195J01029,PNCINFRA,NON_FO,36.38,2.75
67ebfe0b6c041d0534de2ce4,INE959A01019,PRIVISCL,NON_FO,32.35,3.09
67ebfe0b6c041d0534de2ce5,INE230R01035,RAMASTEEL,NON_FO,40.1,2.49
67ebfe0b6c041d0534de2ce6,INE790G01031,SHILPAMED,NON_FO,37.16,2.69
67ebfe0b6c041d0534de2ce9,INE483S01020,INFIBEAM,NON_FO,36.34,2.75
67ebfe0b6c041d0534de2cec,INE351F01018,JPPOWER,NON_FO,37.92,2.64
67ebfe0b6c041d0534de2cf6,INE870D01012,NFL,NON_FO,38.07,2.63
67ebfe0b6c041d0534de2cf7,INE349A01021,NRBBEARING,NON_FO,34.36,2.91
67ebfe0b6c041d0534de2cf9,INE551D01018,PAKKA,NON_FO,40.4,2.48
67ebfe0b6c041d0534de2cff,INE211R01019,POWERMECH,NON_FO,37.32,2.68
67ebfe0b6c041d0534de2d05,INE839M01018,SCHNEIDER,NON_FO,36.5,2.74
67ebfe0b6c041d0534de2d06,INE0RB801010,SENORES,NON_FO,32.1,3.12
67ebfe0b6c041d0534de2d08,INE439E01022,SKIPPER,NON_FO,43.02,2.32
67ebfe0b6c041d0534de2d10,INE094J01016,UTIAMC,NON_FO,32.84,3.05
67ebfe0b6c041d0534de2d12,INE764D01017,VSTTILLERS,NON_FO,32.46,3.08
67ebfe0b6c041d0534de2d1a,INE226A01021,VOLTAS,FO,24.97,4
67ebfe0b6c041d0534de2cf1,INE993A01026,MANINDS,NON_FO,39.47,2.53
67ebfe0b6c041d0534de2cf2,INE998I01010,MHRIL,NON_FO,30.6,3.27
67ebfe0b6c041d0534de2cf3,INE893J01029,MOLDTKPAC,NON_FO,30.15,3.32
67ebfe0b6c041d0534de2d07,INE640A01023,SKFINDIA,NON_FO,28.28,3.54
67ebfe0b6c041d0534de2d0a,INE073K01018,SONACOMS,FO,24.4,4.1
67ebfe0b6c041d0534de2d0b,INE020801028,SPENCERS,NON_FO,39.11,2.56
67ebfe0b6c041d0534de2d0d,INE685A01028,TORNTPHARM,FO,20,5
67ebfe0b6c041d0534de2d0e,INE0HMF01019,TRACXN,NON_FO,35.73,2.8
67ebfe0b6c041d0534de2d13,INE191B01025,WELCORP,NON_FO,35.31,2.83
67ebfe0b6c041d0534de2d15,INE818H01020,LTFOODS,NON_FO,36.2,2.76
67ebfe0b6c041d0534de2d17,INE163A01018,NOCIL,NON_FO,34.06,2.94
67ebfe0b6c041d0534de2d19,INE065X01017,INDGN,NON_FO,32.93,3.04
67ebfe0b6c041d0534de2d22,INE792Z01011,SIRCA,NON_FO,32.59,3.07
67ebfe0b6c041d0534de2d23,INE269A01021,SONATSOFTW,NON_FO,35.32,2.83
67ebfe0b6c041d0534de2d27,INE659A01023,SUDARSCHEM,NON_FO,35.38,2.83
67ebfe0b6c041d0534de2d2a,INE668A01016,TMB,NON_FO,26.5,3.77
67ebfe0b6c041d0534de2d2c,INE255X01014,MSTCLTD,NON_FO,39.01,2.56
67ebfe0b6c041d0534de2d30,INF397L01554,LICMFGOLD,ETF,26.5,3.77
67ebfe0b6c041d0534de2d31,INF109KC11W8,MIDCAPIETF,ETF,20,5
67ebfe0b6c041d0534de2d37,INF769K01FN2,NEXT50,ETF,20,5
67ebfe0b6c041d0534de2d3e,INF740KA1UR9,TOP10ADD,ETF,26.5,3.77
67ebfe0b6c041d0534de2d44,INF767K01MV5,LICNETFGSC,ETF,20,5
67ebfe0b6c041d0534de2d46,INF204KB1V68,MID150BEES,ETF,20,5
67ebfe0b6c041d0534de2d4f,INF346A01034,SENSEXIETF,ETF,20,5
67ebfe0b6c041d0534de2d50,INF200KA1JT1,SETF10GILT,ETF,20,5
67ebfe0b6c041d0534de2d54,INF209KB19F6,SILVER,ETF,26.5,3.77
67ebfe0b6c041d0534de2d57,INF789F1AUV1,UTIBANKETF,ETF,26.5,3.77
67ebfe0b6c041d0534de2d5a,INF789FB1X58,UTISENSETF,ETF,20,5
67ebfe0b6c041d0534de2d5d,INF200KA1580,SETFNIFBK,ETF,26.5,3.77
67ebfe0b6c041d0534de2d61,INE466L01038,360ONE,NON_FO,33.66,2.97
67ebfe0b6c041d0534de2d62,INE618L01018,5PAISA,NON_FO,33.77,2.96
67ebfe0b6c041d0534de2d6c,INE520A01027,ZENSARTECH,NON_FO,35.11,2.85
67ebfe0b6c041d0534de2d77,INE358U01012,ZOTA,NON_FO,35.26,2.84
67ebfe0b6c041d0534de2d1d,INE209L01016,JWL,NON_FO,42.05,2.38
67ebfe0b6c041d0534de2d1e,INE150G01020,LUXIND,NON_FO,35.17,2.84
67ebfe0b6c041d0534de2d20,INE450D01021,PITTIENG,NON_FO,34.48,2.9
67ebfe0b6c041d0534de2d21,INE221J01015,SHARDACROP,NON_FO,37.26,2.68
67ebfe0b6c041d0534de2d26,INE694D01016,VADILALIND,NON_FO,36.74,2.72
67ebfe0b6c041d0534de2d29,INE484C01030,VEEDOL,NON_FO,32.34,3.09
67ebfe0b6c041d0534de2d32,INF769K01LJ8,MIDSMALL,ETF,20,5
67ebfe0b6c041d0534de2d36,INF247L01BE5,MOVALUE,ETF,20,5
67ebfe0b6c041d0534de2d3a,INF109KC18W3,OILIETF,ETF,26.5,3.77
67ebfe0b6c041d0534de2d49,INF109KC1NS5,NEXT50IETF,ETF,20,5
67ebfe0b6c041d0534de2d4a,INF174K014P6,NIFTY1,ETF,20,5
67ebfe0b6c041d0534de2d4b,INF204KB14I2,NIFTYBEES,ETF,20,5
67ebfe0b6c041d0534de2d4d,INF204KC1089,PHARMABEES,ETF,26.5,3.77
67ebfe0b6c041d0534de2d51,INF200KA16D8,SETFGOLD,ETF,26.5,3.77
67ebfe0b6c041d0534de2d52,INF200KA1FS1,SETFNIF50,ETF,20,5
67ebfe0b6c041d0534de2d53,INF200KA1598,SETFNN50,ETF,20,5
67ebfe0b6c041d0534de2d56,INF204KC1402,SILVERBEES,ETF,26.5,3.77
67ebfe0b6c041d0534de2d58,INF789F1AUW9,UTINEXT50,ETF,20,5
67ebfe0b6c041d0534de2d5c,INF769K01EG9,NIFTYETF,ETF,20,5
67ebfe0b6c041d0534de2d67,INE445C01015,XPROINDIA,NON_FO,37.14,2.69
67ebfe0b6c041d0534de2d69,INE0JO301016,YATHARTH,NON_FO,33.04,3.03
67ebfe0b6c041d0534de2d6b,INE256A01028,ZEEL,NON_FO,38.38,2.61
67ebfe0b6c041d0534de2d6e,INE758T01015,ZOMATO,FO,28.29,3.53
67ebfe0b6c041d0534de2d75,INE066O01014,WONDERLA,NON_FO,32.43,3.08
67ebfe0b6c041d0534de2d1f,INE663F01024,NAUKRI,FO,24.07,4.15
67ebfe0b6c041d0534de2d33,INF247L01DJ0,MODEFENCE,ETF,26.64,3.75
67ebfe0b6c041d0534de2d34,INF247L01023,MOM100,ETF,20,5
67ebfe0b6c041d0534de2d39,INF109KC11V0,NV20IETF,ETF,26.5,3.77
67ebfe0b6c041d0534de2d3c,INF740KA1RE3,SILVERADD,ETF,26.5,3.77
67ebfe0b6c041d0534de2d3d,INF789F1AYK6,SILVERETF,ETF,26.5,3.77
67ebfe0b6c041d0534de2d3f,INF109KC17C7,MOM30IETF,ETF,20,5
67ebfe0b6c041d0534de2d45,INF109KC19U5,LOWVOLIETF,ETF,20,5
67ebfe0b6c041d0534de2d4c,INF109K012R6,NIFTYIETF,ETF,20,5
67ebfe0b6c041d0534de2d4e,INF109KC18U7,PVTBANIETF,ETF,26.5,3.77
67ebfe0b6c041d0534de2d55,INF174KA1KU9,SILVER1,ETF,26.5,3.77
67ebfe0b6c041d0534de2d5b,INF200KB1217,SBISILVER,ETF,26.5,3.77
67ebfe0b6c041d0534de2d5e,INF109KC1Y56,SILVERIETF,ETF,26.5,3.77
67ebfe0b6c041d0534de2d5f,INF204KC1022,SDL26BEES,ETF,20,5
67ebfe0b6c041d0534de2d60,INF204KB16I7,PSUBNKBEES,ETF,28.22,3.54
67ebfe0b6c041d0534de2d63,INE274F01020,WESTLIFE,NON_FO,31.11,3.21
67ebfe0b6c041d0534de2d64,INE075A01022,WIPRO,FO,21.65,4.62
67ebfe0b6c041d0534de2d65,INE976A01021,WSTCSTPAPR,NON_FO,32.47,3.08
67ebfe0b6c041d0534de2d66,INE692G01013,XCHANGING,NON_FO,35.18,2.84
67ebfe0b6c041d0534de2d68,INE616Z01012,YASHO,NON_FO,34.99,2.86
67ebfe0b6c041d0534de2d6a,INE528G01035,YESBANK,FO,25.8,3.88
67ebfe0b6c041d0534de2d6d,INE342J01019,ZFCVINDIA,NON_FO,32.8,3.05
67ebfe0b6c041d0534de2d6f,INE840M01016,ZUARI,NON_FO,36.19,2.76
67ebfe0b6c041d0534de2d71,INE010B01027,ZYDUSLIFE,FO,20.84,4.8
67ebfe0b6c041d0534de2d76,INE768C01010,ZYDUSWELL,NON_FO,28.45,3.51
67ebfe0b6c041d0534de2d24,INE202Z01029,SUNDARMHLD,NON_FO,37.76,2.65
67ebfe0b6c041d0534de2d25,INE064C01022,TRIDENT,NON_FO,31.75,3.15
67ebfe0b6c041d0534de2d28,INE597I01028,SHARDAMOTR,NON_FO,50,2
67ebfe0b6c041d0534de2d2b,INE823G01014,JKCEMENT,NON_FO,28.43,3.52
67ebfe0b6c041d0534de2d2d,INF732E01268,INFRABEES,ETF,26.5,3.77
67ebfe0b6c041d0534de2d2e,INF769K01KV5,ITETF,ETF,26.5,3.77
67ebfe0b6c041d0534de2d2f,INF205K01361,IVZINGOLD,ETF,26.5,3.77
67ebfe0b6c041d0534de2d35,INF247L01BK2,MOMOMENTUM,ETF,20,5
67ebfe0b6c041d0534de2d38,INF740KA1CL0,NIFTY50ADD,ETF,20,5
67ebfe0b6c041d0534de2d3b,INF740KA1TA7,PVTBANKADD,ETF,26.5,3.77
67ebfe0b6c041d0534de2d40,INF769K01LC3,SMALLCAP,ETF,20,5
67ebfe0b6c041d0534de2d41,INF109KC16I6,ITIETF,ETF,26.5,3.77
67ebfe0b6c041d0534de2d42,INF204KB15V2,ITBEES,ETF,26.5,3.77
67ebfe0b6c041d0534de2d43,INF732E01045,JUNIORBEES,ETF,20,5
67ebfe0b6c041d0534de2d47,INF769K01IC9,MIDCAPETF,ETF,20,5
67ebfe0b6c041d0534de2d48,INF247L01AP3,MON100,ETF,20,5
67ebfe0b6c041d0534de2d59,INF789F1AZC0,UTINIFTETF,ETF,20,5
67ebfe0b6c041d0534de2d70,INE217A01012,ZUARIIND,NON_FO,38.2,2.62
67ebfe0b6c041d0534de2d72,INE470A01017,3MINDIA,NON_FO,28.7,3.48
67ebfe0b6c041d0534de2d73,INE0H5O01029,WINDLAS,NON_FO,39.88,2.51
67ebfe0b6c041d0534de2d74,INE192B01031,WELSPUNLIV,NON_FO,35.68,2.8
