Smiles,pka,acid_base_type
Brc1ccc(-c2nn[nH]n2)cc1,3.730000019,acidic
Brc1ccc(C2NCCS2)cc1,5.050000191,basic
Brc1ccc(Cc2c3ccccc3nc3ccccc23)cc1,7.0,basic
Brc1cccc(Br)c1N(C1=NCCN1)C1CCCCC1,11.30000019,basic
Brc1cccc(Br)c1N(CC1CCCC1)C1=NCCN1,10.89999962,basic
Brc1ccccc1-c1nn[nH]n1,3.829999924,acidic
Brc1cncc2ccccc12,3.539999962,basic
C#CC(C)(C)N(C)C(C)(C)C#C,6.650000095,basic
C#CCCCC(=O)O,4.599999905,acidic
C#CCCN,9.229999542,basic
C#CCN1CCN(C(=O)OCC)CC1,5.440000057,basic
C#CCNCC#C,6.079999924,basic
C#C[C@]1(O)C[C@@H](C)N[C@@H]2CCCC[C@H]21,9.729999542,basic
C#C[C@]1(O)C[C@@H](C)N[C@H]2CCCC[C@@H]21,9.289999962,basic
C#N,9.180000305,acidic
C/C=C(\Cl)C(=O)O,3.220000029,acidic
C/C=C/CC(=O)O,4.28000021,acidic
C/C=C\C=C/C(=O)O,4.510000229,acidic
C1=C(c2nc3ccccc3o2)C2CCN1CC2,7.230000019,basic
C1CCCNCC1,10.93999958,basic
C1CN(CC2CO2)CCO1,5.880000114,basic
C1CN1,6.050000191,basic
C=C(C)C(=O)OC(C)CN(CC)CC,8.649999619,basic
C=C(C)C(=O)O,4.659999847,acidic
C=C(C)CCN(C1=NCCN1)c1c(Br)cccc1Br,10.89999962,basic
C=C(F)C(=O)O,2.549999952,acidic
C=C(F)CN(CC)C(=O)[C@@]1(c2cccs2)C[C@H]1CN,9.399999619,basic
C=C1[C@H](OC(C)=O)[C@]23C[C@H]4C5[C@@]67C(C2C[C@@H]1C[C@]36O)N4C[C@]5(C)C[C@@H](OC(C)=O)[C@@H]7OC(C)=O,8.350000381,basic
C=CC(=O)NC(C)(C)CCN(CC)CC,10.09000015,basic
C=CC(=O)Nc1cc(Nc2ncc(Cl)c(-c3cnn4ccccc34)n2)c(OC)cc1N1CC(N(C)C)C1,7.199999809,basic
C=CC(=O)OCCN(C)C,8.25,basic
C=CC(C)(C)OCC(O)CNC(C)(C)C,9.670000076,basic
C=CC(C)Nc1ccccc1,4.570000172,basic
C=CCC(=O)O,4.329999924,acidic
C=CCN(CC=C)C(=O)[C@@]1(c2cccs2)C[C@H]1CN,9.399999619,basic
C=CCOc1ccc(C(=O)O)cc1,4.449999809,acidic
C=CCOc1ccccc1OCC(O)CNC(C)C,9.523332596,basic
C=CCSS/C(CCO)=C(/C)N(C=O)Cc1cnc(C)nc1N,5.650000095,basic
C=CCN(C)C,8.720000267,basic
C=CCN(CC=C)CC=C,8.31000042,basic
C=CCNCC=C,9.350000381,basic
C=Cc1ccccn1,4.949999809,basic
CC#CC(=O)O,2.630000114,acidic
CC#CCC(=O)O,3.599999905,acidic
CC(=O)/C=C(/C)O,7.639999866,acidic
CC(=O)C=C(C)O,8.850000381,acidic
CC(=O)CCN(C)C,8.949999809,basic
CC(=O)N(C)c1cccnc1,3.519999981,basic
CC(=O)N(c1ccccc1)c1nnc(S(N)(=O)=O)s1,7.320000172,acidic
CC(=O)N1CCNc2ncnc(C)c21,5.260000229,basic
CC(=O)N1C[S+]([O-])C[C@H]1C(=O)O,2.5,acidic
CC(=O)N1N=C(c2cc(F)ccc2F)C[C@@]1(CCCN1CCOCC1)c1ccccc1,7.099999905,basic
CC(=O)NCCN,9.279999733,basic
CC(=O)NCc1cc(C)cc(CNC(C)=O)c1O,9.0,acidic
CC(=O)NCc1cccc(Cn2nc(NS(=O)(=O)c3ccc(Cl)s3)c3c(C#N)cccc32)c1,5.400000095,acidic
CC(=O)NCc1cccc(Cn2nc(NS(=O)(=O)c3ccc(Cl)s3)c3c(C(C)(C)O)cccc32)c1,5.460000038,acidic
CC(=O)NCc1cccc(Cn2nc(NS(=O)(=O)c3ccc(Cl)s3)c3c(F)cccc32)c1,5.619999886,acidic
CC(=O)NO,9.069999695,acidic
CC(=O)N[C@@H](Cc1cc(F)cc(F)c1)[C@H](O)CNC1(c2cccc(-n3cccn3)c2)CCCCC1,7.849999905,basic
CC(=O)N[C@@H](Cc1cc(F)cc(F)c1)[C@H](O)CNC1(c2cccc(C(C)(C)C(F)F)c2)CC1,6.699999809,basic
CC(=O)N[C@H]1CONC1=O,5.800000191,acidic
CC(=O)Nc1ccc(O)cc1,9.543333054,acidic
CC(=O)Nc1ccc(OC(=O)Nc2cc(Cl)ccc2O)cc1,9.489999771,acidic
CC(=O)Nc1ccc(S(N)(=O)=O)cc1,10.02000046,acidic
CC(=O)Nc1ccc2nc(OCCN(C)C)ccc2c1,9.93999958,basic
CC(=O)Nc1cccc2cc3ccccc3nc12,3.0,basic
CC(=O)Nc1ccnc(N2CCc3ccccc3C2)c1,6.5,basic
CC(=O)OCC1CN2CCC1CC2,10.28999996,basic
CC(=O)OCCCc1ccc(S(N)(=O)=O)cc1,10.22000027,acidic
CC(=O)OCCN(C)C,8.300000191,basic
CC(=O)O[C@@H]([C@H]1C[C@@H](C)[C@H]2[C@H](O1)[C@H](O)[C@@]1(C)[C@@H]3CC[C@H]4C(C)(C)[C@@H](O[C@H]5CN(C6COC6)CCO5)CC[C@@]45C[C@@]35CC[C@]21C)C(C)(C)O,4.599999905,basic
CC(=O)Sc1ccc(O)cc1,8.880000114,acidic
CC(=O)[C@@H]1C[C@@H]1C(=O)O,4.190000057,acidic
CC(=O)[C@@H]1C[C@H](C(=O)O)C1(C)C,4.630000114,acidic
CC(=O)c1cc(C(=O)c2ccccc2)[nH]n1,9.010000229,acidic
CC(=O)c1cc(C(C)=O)[nH]n1,8.979999542,acidic
CC(=O)c1ccc(O)c2ncccc12,5.860000134,acidic
CC(=O)c1ccccc1C(=O)O,4.150000095,acidic
CC(=O)c1ccccc1N,2.309999943,basic
CC(=O)c1ccccc1N=NC(C(=O)c1ccccc1)=C(O)c1ccccc1,9.199999809,acidic
CC(=O)c1ccccc1O,10.36999989,acidic
CC(=O)n1ccnc1C,5.03000021,basic
CC(=N)N1C2CCC1CC(OC(=O)C(CO)c1ccccc1)C2,10.92000008,basic
CC(C(=O)O)C(C#N)c1ccccc1,3.700000048,acidic
CC(C(=O)O)c1ccc(N2Cc3ccccc3C2=O)cc1,4.599999905,acidic
CC(C(N)=O)S(=O)(=O)NC(N)=O,5.210000038,acidic
CC(C)(C(N)=O)S(N)(=O)=O,9.920000076,acidic
CC(C)(C)C(=O)NO,9.590000153,acidic
CC(C)(C)CC#CC(=O)O,2.539999962,acidic
CC(C)(C)CCCCc1ccc(O)cc1,11.22000027,acidic
CC(C)(C)CCN1CCC(CNC(=O)c2cc(Cl)cc(Cl)c2)CC1,8.699999809,basic
CC(C)(C)CN,10.17000008,basic
CC(C)(C)N(O)C(=O)c1ccccc1,10.10000038,acidic
CC(C)(C)Nc1ccccc1,7.150000095,basic
CC(C)(C)S,11.14000034,acidic
CC(C)(C)[C@@]1(O)CCN2C[C@@H]3c4ccccc4CCc4cccc(c43)[C@H]2C1,5.900000095,basic
CC(C)(C)[C@]1(O)CCN2C[C@H]3c4ccccc4CCc4cccc(c43)[C@@H]2C1,7.150000095,basic
CC(C)(C)NCCO,10.10999966,basic
CC(C)(C)N,10.76500034,basic
CC(C)(C)c1[nH]c2ccccc2c1C1CCCN(Cc2ccc(CCC(=O)N=O)cc2)C1,7.800000191,basic
CC(C)(C)c1[nH]c2ccccc2c1C1CCCN(Cc2ccc(CCC(=O)N=O)cc2F)C1,7.300000191,basic
CC(C)(C)c1cc(/C=C/Cl)cc(C(C)(C)C)c1O,11.81999969,acidic
CC(C)(C)c1ccccc1C(=O)O,3.529999971,acidic
CC(C)(C)c1ccnc(C(C)(C)C)c1,6.699999809,basic
CC(C)(CO[N+](=O)[O-])C(=O)Oc1ccccc1C(=O)O,3.690000057,acidic
CC(C)(O)C(=O)O,4.039999962,acidic
CC(C)(O)c1ccn2ccnc2c1,7.199999809,basic
CC(C)(O)c1ccn2ccnc2c1F,5.400000095,basic
CC(C)(N)CNC(=O)C[C@H]1CC[C@@]2(CC1)C[C@@]1(OO2)C2CC3CC(C2)CC1C3,9.050000191,basic
CC(C)/C=C/C(=O)O,4.699999809,acidic
CC(C)=CCC1C(=O)C(CC=C(C)C)(CC=C(C)C)C(=O)C(C(=O)CC(C)C)=C1O,6.179999828,acidic
CC(C)C(=O)C=C(O)C(C)C,9.859999657,acidic
CC(C)C(=O)N(Cc1ccccc1-c1ccccc1)[C@H]1CCNC1,9.399999619,basic
CC(C)C(N)C(C)C,10.39999962,basic
CC(C)CC1CC(O)=C(C(=O)Nc2ccc(C3CCCCC3)cc2)C(=O)N1,6.5,acidic
CC(C)CCC(=O)O,4.840000153,acidic
CC(C)CCCC(C)N,10.27999973,basic
CC(C)CCCN(C)CCCNC(=O)CN=O,9.43500042,basic
CC(C)CCOc1ccccc1/C=C/C(=O)O,4.849999905,acidic
CC(C)CCSC(=N)c1ccccc1,8.430000305,basic
CC(C)CNC(=O)[C@H]1C[C@@](F)(c2ccc(CN3CCCC3)c(F)c2)C1,9.199999809,basic
CC(C)CSCCN,8.729999542,basic
CC(C)C[C@@H](C(=O)NCC#N)c1cccc(-c2ccc(N3CCNCC3)cc2)c1,8.770000458,basic
CC(C)C[C@H](N)C(=O)NCCCS(=O)(=O)Oc1ccc(Cl)cc1,9.600000381,basic
CC(C)CN[C@H](c1ccccc1)[C@H](O)c1ccccc1,11.34000015,basic
CC(C)Cc1ccc(C(C)C(=O)O)cc1,5.205714226,acidic
CC(C)N(/C=N\c1ccn(C2CCC(CO)O2)c(=O)n1)C(C)C,5.28000021,basic
CC(C)N(Cc1cnc[nH]1)c1ccc(Cl)cc1,3.5,basic
CC(C)N(c1ccccc1)C(C)C,6.190000057,basic
CC(C)N=NC1CCN(C)CC1,8.899999619,basic
CC(C)Nc1ncnc2c1cnn2C,4.21999979,basic
CC(C)Oc1ccc(C(=O)O)cc1,4.570000172,acidic
CC(C)[C@H](C(=O)O)N1C[C@H](NC(=O)Cc2ccccc2)C1=O,3.480000019,acidic
CC(C)N(C(C)C)C(C)C,11.85999966,basic
CC(C)N(CCc1ccccc1)CCc1ccccc1,10.02000046,basic
CC(C)N1C2CCCC21,8.31000042,basic
CC(C)N1CCC(C(=O)Nc2cccc(OCc3ccc(F)cc3)c2)CC1,9.399999619,basic
CC(C)N1CCC(Oc2ccc3[nH]c(C(=O)N4CCCCCC4)cc3c2)CC1,9.699999809,basic
CC(C)N1CCCCC1,10.96000004,basic
CC(C)NCC(O)COc1ccc(CC(N)=O)cc1,9.555000305,basic
CC(C)c1cc(=O)c(O)ccc1Br,6.53000021,acidic
CC(C)c1cc(Nc2cccc(Cl)c2)ncc1C(=O)NCc1ccc(F)cc1,6.019999981,basic
CC(C)c1ccc(CCCN(C)C)cc1,10.48999977,basic
CC(C)c1ccccc1C(=O)O,3.640000105,acidic
CC(C)c1cccnc1,5.71999979,basic
CC(C)n1c(/C=C/C(O)CC(O)CC(=O)O)c(-c2ccc(F)cc2)c2ccccc21,4.40500021,acidic
CC(C)n1c(N)nc2ccc(/C(=C\C(N)=O)c3cccc(F)c3F)cc21,6.699999809,basic
CC(C1CC1C(=O)O)C1CC[C@H]2[C@@H]3[C@@H](O)CC4C[C@H](O)CCC4(C)[C@H]3CCC12C,5.010000229,acidic
CC(C=C(c1cccs1)c1cccs1)N1CCCCCC1,7.960000038,basic
CC(C=C(c1cccs1)c1cccs1)N1CCCCCCC1,7.519999981,basic
CC(CC(O)(c1ccccc1)c1ccccc1)N1CCCCC1,8.619999886,basic
CC(CN(C)C)C(C#N)(c1ccccc1)c1ccccc1,7.900000095,basic
CC(Cl)C(=O)O,2.880000114,acidic
CC(Cl)CN,8.539999962,basic
CC(N)=Nc1nsc2ccccc12,6.989999771,basic
CC(=Nc1ccccc1)Nc1ccccc1,8.300000191,basic
CC(O)=CC(=O)Nc1cccc(C)c1,10.0,acidic
CC(O)C(=O)O,3.75999999,acidic
CC(O)C(C(=O)O)c1ccc(-c2ccccc2)cc1,4.300000191,acidic
CC(O)CN(CC(C)O)C(C)C,9.329999924,basic
CC(O)CN(CCO)C(C)(C)C,9.199999809,basic
CC(OCC(O)CNC(C)(C)C)C1CC1,9.760000229,basic
CC(P)C(=O)O,4.150000095,acidic
CC(N)C(N)=O,8.020000458,basic
CC(N)CC1CCCCC1,10.14000034,basic
CC(N)CCc1ccccc1,9.779999733,basic
CC/C=C/CC(=O)N[C@H]1C(=O)N2[C@H]1SC(C)(C)[C@H]2C(=O)O,2.839999914,acidic
CC/N=C(\N=[N+]=[N-])c1ccccc1O,9.399999619,acidic
CC1(C)CCCCN1Cc1ccc2c(c1)OCO2,10.19999981,basic
CC1(C)CCCN(Cc2ccc3c(c2)OCO3)C1,9.399999619,basic
CC1(C)CCc2cc(O)c(Cl)cc2O1,9.100000381,acidic
CC1(C)CCc2cc(O)ccc2O1,10.30000019,acidic
CC1(C)CCc2cc(S(=O)(=O)N(CC(=O)O)Cc3cccc(-c4ccccc4)c3)ccc2O1,3.400000095,acidic
CC1(C)C[C@@H](CN2CCC(F)(CNC(=O)c3cc(Cl)cc(Cl)c3)CC2)CCO1,7.900000095,basic
CC1(C)N=C(C(O)=CC(=O)C(F)(F)F)C(C)(C)N1O,4.659999847,acidic
CC1(C)S[C@@H]2[C@H](NC(=O)Cc3ccccc3)C(=O)N2[C@H]1C(=O)O,2.799999952,acidic
CC1(c2cccc(-c3cncnc3)c2)N=C(N)c2ccccc2O1,8.100000381,basic
CC1(c2cccc(NC(=O)c3ccccn3)c2)CSC(N)=N1,8.300000191,basic
CC1(c2ccccc2)COCC(N)=N1,9.800000191,basic
CC1(c2ccccc2)Cc2cc(OCCCC(=O)O)c(Cl)c(Cl)c2C1=O,6.400000095,acidic
CC12CC3(C)CC(C)(C1)CC(N)(C2)C3,10.57999992,basic
CC1=C(C)C(C(C)C(=O)O)=CC1=O,3.099999905,acidic
CC1=C(CC(C)NCC(O)c2ccc(Cl)cc2)CCC1(C)C,8.550000191,basic
CC1=C(CC(C)NCC(O)c2ccccc2)CCC1(C)C,8.840000153,basic
CC1=C(O)CC(C)(C)CC1=O,5.599999905,acidic
CC1=CSC2=NCCCN12,10.31000042,basic
CC1=CSC2=NCCN12,9.81000042,basic
CC1=NN(c2ccc(OCCCCC(CO[N+](=O)[O-])O[N+](=O)[O-])cc2)C(=O)C1,7.150000095,acidic
CC1=NN(c2ccc(OCCCOc3no[n+]([O-])c3-c3ccccc3)cc2)C(=O)C1,7.090000153,acidic
CC1CC(C(=O)O)=[N+]([O-])C1(C)C,2.849999905,basic
CC1CC(C)C(O)=CC1=O,5.619999886,acidic
CC1CC(O)=CC(=O)O1,5.099999905,acidic
CC1CCCC(C(=O)O)c2nnnn21,3.299999952,acidic
CC1CCCCN1,10.97999954,basic
CC1CCCN(C(C)C=C(c2cccs2)c2cccs2)C1,8.279999733,basic
CC1CCN(C(=O)c2ccc3cc(OCCCN4CCCCC4)ccc3c2)CC1,9.859999657,basic
CC1NC(=NCC(F)F)Nc2c(Cl)ccc(Cl)c21,7.800000191,basic
CC1ONCc2ccccc21,3.599999905,basic
CC1N=C(N)Nc2ccccc21,10.5,basic
CCC(=O)C(CC(C)N(C)C)(c1ccccc1)c1ccccc1,8.723333359,basic
CCC(=O)C(CC(C)N1CCOCC1)(c1ccccc1)c1ccccc1,6.889999866,basic
CCC(=O)C(CCN(C)C)(c1ccccc1)c1ccccc1,9.229999542,basic
CCC(=O)C(c1ccccc1)(c1ccccc1)[C@@H](C)CN(C)C,8.069999695,basic
CCC(=O)CN=O,8.369999886,acidic
CCC(=O)O[C@](Cc1ccccc1)(c1ccccc1)[C@H](C)CN(C)C,9.199999809,basic
CCC(=O)c1cc(C(C)=O)n[nH]1,9.050000191,acidic
CCC(C)(C)NCC(O)COc1ccccc1C(=O)CCc1ccccc1,9.199999809,basic
CCC(C)(N)CC,10.90999985,basic
CCC(C)C(=O)CCN1CCOCC1,7.070000172,basic
CCC(C)NC(C)C,11.0,basic
CCC(C)NC(C)CC,10.93999958,basic
CCC(CC)C(=O)O[C@H]1O[C@@H](C(=O)O)[C@H](O)[C@@H](O)[C@@H]1O,3.369999886,acidic
CCC(CC)Nc1cc(C)nc(Nc2c(C)cc(C)cc2C)c1C,9.300000191,basic
CCC(O)C(C(=O)O)c1ccc(-c2ccccc2)cc1,4.159999847,acidic
CCC(P)C(=O)O,4.079999924,acidic
CCC(N)CCCl,8.529999733,basic
CCC1(C)NC(=O)c2cc(S(=O)(=O)Nc3ccccc3)ccc2NC1=O,8.699999809,acidic
CCC1(c2cccc(-c3cncnc3)c2)N=C(N)c2ccccc2O1,8.399999619,basic
CCC1CCCN1C,9.779999733,basic
CCC1CN1CC,8.18999958,basic
CCCC(=O)NO,9.479999542,acidic
CCCC(C(=O)Nc1c(C)cccc1C)N(CC)CC,7.889999866,basic
CCCC1(C2CCCC2)Cc2cc(OCCCC(=O)O)c(Cl)c(Cl)c2C1=O,4.099999905,acidic
CCCC12CCC(=O)C=C1c1c(cc(OCC(=O)OC(C)(C)C(=O)O)c(Cl)c1Cl)C2,3.799999952,acidic
CCCC12CCC(=O)C=C1c1c(cc(OCC(=O)O)c(C)c1C)C2,4.300000191,acidic
CCCC12CCC(=O)C=C1c1c(cc(SCC(=O)O)c(Cl)c1Cl)C2,4.699999809,acidic
CCCC12CCC(=O)C=C1c1ccc(OCC(=O)O)cc1C2,4.050000191,acidic
CCCCC1(C2CCCC2)Cc2cc(OCCCC(=O)O)c(Cl)c(Cl)c2C1=O,4.400000095,acidic
CCCCC1CCCN1C,10.01000023,basic
CCCCCC(C)NC,10.98999977,basic
CCCCCCCCC1CCC(=O)N1CCCCCCC(=O)O,5.599999905,acidic
CCCCCCCCCCCCCC(=O)N(O)c1ccccc1,9.050000191,acidic
CCCCCCCCCCCCCCCCCC(=O)OCC1CCP(O)(=S)O1,6.760000229,acidic
CCCCCCCCCCCCCCCCCC(=O)O,5.010000229,acidic
CCCCCCCCCCCCCCCCCc1c2ccccc2nc2ccccc12,5.5,basic
CCCCCCCCCCCCCCCCN,10.60999966,basic
CCCCCCCCCCCCCCCN,10.60999966,basic
CCCCCCCCCCCCCN,10.63000011,basic
CCCCCCCCCCCCCc1ccccn1,5.599999905,basic
CCCCCCCCCCCCN(CC(C)O)CC(O)CC,6.199999809,basic
CCCCCCCCCCCCN,10.61499977,basic
CCCCCCCCCCOC(=O)c1ccc(OS(N)(=O)=O)cc1,8.090000153,acidic
CCCCCCCCCCc1c(-c2ccccc2)[nH]n(-c2ccccc2)c1=O,6.699999809,acidic
CCCCCCCCCCn1cc(CCCN[C@H]2[C@H](O)[C@@H](O)[C@H](O)[C@@H](O)[C@@H]2O)nn1,9.899999619,basic
CCCCCCCCCCn1cc(CN[C@H]2[C@H](O)[C@@H](O)[C@H](O)[C@@H](O)[C@@H]2O)nn1,7.099999905,basic
CCCCCCCCCn1ccnc1,6.599999905,basic
CCCCCCCCN(CC(C)O)CC(C)O,8.300000191,basic
CCCCCCCCc1c(-c2ccccc2)[nH]n(-c2ccccc2)c1=O,7.5,acidic
CCCCCCCNc1ccccc1,5.090000153,basic
CCCCCCCc1c(-c2ccccc2)[nH][nH]c1=O,9.199999809,acidic
CCCCCCN(CCCCCC)c1ccccc1,4.889999866,basic
CCCCCCN,10.68000031,basic
CCCCCCc1c(-c2ccccc2)[nH][nH]c1=O,8.600000381,acidic
CCCCCNc1nc2ccccc2n1CCc1ccccc1,7.400000095,basic
CCCCCOC(=O)c1ccc(OS(N)(=O)=O)cc1,8.470000267,acidic
CCCCCn1cc(C(=O)c2cccc3ccccc23)c2ccncc21,5.829999924,basic
CCCCNC(=O)NO,11.0,acidic
CCCCNC(=O)[C@H](C)C[C@H](O)[C@@H](N)C[C@H](Cc1ccc(OC)c(OCCCOC)c1)C(C)C,9.130000114,basic
CCCCNc1ncnc2c1cnn2C,4.21999979,basic
CCCCNc1nnc(-c2ccccc2)cc1C,6.099999905,basic
CCCCOC(=O)c1ccc(O)cc1,8.340000153,acidic
CCCC[C@@]1(C2CCCC2)Cc2cc(OCC(=O)O)c(Cl)c(Cl)c2C1=O,3.900000095,acidic
CCCC[C@@]1(C2CCCC2)Cc2cc(OCCCC(=O)O)c(Cl)c(Cl)c2C1=O,4.400000095,acidic
CCCC[C@]1(C2CCCC2)Cc2cc(OCC(=O)O)c(Cl)c(Cl)c2C1=O,3.900000095,acidic
CCCCNC,10.80000019,basic
CCCCNCCCC,11.28999996,basic
CCCCNCc1ccc(C)cc1,9.979999542,basic
CCCC[P+](CCCC)(CCCC)C1c2ccccc2-c2ccccc21,10.52999973,acidic
CCCCc1ccccc1N,4.260000229,basic
CCCCn1cnc2ccccc21,5.309999943,basic
CCCN(C1=NCCN1)c1c(Br)cccc1Br,11.0,basic
CCCN(CCC)C(=O)c1cccc(C(=O)N[C@@H](Cc2ccccc2)[C@H](O)[C@H]2CCCN2)c1,9.600000381,basic
CCCN(N)CCC,7.0,basic
CCCOC(C(=O)OC1CCN(C)CC1)(c1ccccc1)c1ccccc1,6.650000095,basic
CCCOc1ccc(-c2ccc(-c3ccccc3Cl)n2Cc2cccc(N)n2)cc1,6.860000134,basic
CCCOc1ccc(O)cc1,10.22999954,acidic
CCCOc1noc2c1CNCC2,7.599999905,basic
CCCSC(N=O)C(=O)c1ccc(Br)cc1,8.449999809,acidic
CCCSCCN(CC)CC,8.829999924,basic
CCC[C@@H]1C[C@@H](C(=O)N[C@H]([C@@H](C)O)[C@H]2O[C@H](SC)[C@H](O)[C@@H](O)[C@H]2O)N(C)C1,7.650000095,basic
CCCN(CC(C)O)CC(O)CC,9.0,basic
CCCN(CC(O)CC)CC(O)CC,9.0,basic
CCCN(CCC)CCc1c[nH]c2ccccc12,8.600000381,basic
CCCN1CCN(c2ccc(C(N)=O)cc2)CC1,7.840000153,basic
CCCN1CCN(c2cccc(Cl)c2)CC1,7.829999924,basic
CCCN1CCN(c2ccccc2C(N)=O)CC1,8.140000343,basic
CCCN1C[C@H](CSC)C[C@@H]2c3cccc4[nH]cc(c34)C[C@H]21,8.779999733,basic
CCCN=C1Nc2ccccc2C(C)N1,10.69999981,basic
CCCNC1c2ccccc2C=Cc2ccccc21,8.899999619,basic
CCCc1ncc[nH]1,8.020000458,basic
CCCc1ccc(CCCN(C)C)cc1,10.53999996,basic
CCCc1ccccn1,5.96999979,basic
CCCc1ncnc2c(O)cccc12,8.819999695,acidic
CCCc1nn[nH]n1,5.610000134,acidic
CCCc1oc2ccccc2c(=O)c1C(=O)c1cc(I)c(O)c(I)c1,4.889999866,acidic
CCCn1ccnc1CO,7.039999962,basic
CCN(C)N(CC)CC,7.300000191,basic
CCN(C)NC,6.849999905,basic
CCN(C)c1ccccc1,6.019999981,basic
CCN(CC)C(=O)[C@@]1(c2ccccc2)C[C@H]1CN,9.600000381,basic
CCN(CC)C(=O)[C@]1(c2ccccc2)C[C@H]1CN,9.600000381,basic
CCN(CC)C(=S)S,3.950000048,acidic
CCN(CC)N(C)C,6.880000114,basic
CCN(CC)NC,7.139999866,basic
CCN(CC)S(=O)(=O)c1ccccc1C(=O)O,2.960000038,acidic
CCN(CC)c1ccc(OC)c2nc(-c3c(OC)cc(COC)cc3OC)c(C)cc12,6.010000229,basic
CCN(CCCN1CCc2cc(OC)ccc2C1)S(=O)(=O)c1ccccc1,7.400000095,basic
CCN(Cc1cc(C(F)(F)F)ccc1-c1cc(CC(=O)O)n2cccnc12)C(=O)C1CC1,3.700000048,acidic
CCN(N)CC,7.630000114,basic
CCNC(=O)[C@H]1C[C@@](F)(c2ccc(CN3CCCC3)c(F)c2)C1,9.199999809,basic
CCNC(=S)OC(C)C,11.52000046,acidic
CCNN(C)C,6.579999924,basic
CCNN(C)CC,6.809999943,basic
CCNc1cc(-c2nc(N)n[nH]2)ccn1,4.485000134,basic
CCNc1ccccc1,5.289999962,basic
CCNc1ncnc2c1cnn2C,4.239999771,basic
CCNc1nn[nH]n1,6.119999886,acidic
CCOC(=O)C(Cc1ccccc1)=C(C)O,11.81000042,acidic
CCOC(=O)C(N)CC,7.710000038,basic
CCOC(=O)C1(c2ccccc2)CCN(C)CC1,9.125,basic
CCOC(=O)C1(c2ccccc2)CCN(CCF)CC1,7.429999828,basic
CCOC(=O)C1C2c3ccccc3C(c3ccccc32)C1N(C)C,7.480000019,basic
CCOC(=O)CC(c1ccccc1)N(C)C,7.659999847,basic
CCOC(=O)C[C@H](N)c1ccccc1,8.319999695,basic
CCOC(=O)N1CCN(C)CC1,7.309999943,basic
CCOC(=O)N1CCN(Cc2nc(-c3cccc(Cl)c3)no2)CC1,3.400000095,basic
CCOC(=O)[C@@H](N)CCC(=O)NCCSC(=O)C(C)(C)C,8.899999619,basic
CCOC(=O)[C@@H](N)CCC(=O)NCCSC(=O)c1ccccc1,8.850000381,basic
CCOC(=O)c1c(O)nnn1Cc1ccccc1,5.380000114,acidic
CCOC(=O)c1cc(C#N)c(N2CCC(C(=O)NS(=O)(=O)Cc3ccccc3)CC2)nc1C,4.599999905,acidic
CCOC(=O)c1ccc(CCN)cc1,9.579999924,basic
CCOC(=O)c1ccc(OS(N)(=O)=O)cc1,8.220000267,acidic
CCOC(=O)c1nn(C)[nH]c1=O,5.139999866,acidic
CCOCCNc1ccc(OC)cc1,4.989999771,basic
CCOP(=O)(CN1CCOCC1)OCC,4.0,basic
CCOc1cc(C)nc(-n2[nH]c(C)cc2=O)n1,7.349999905,acidic
CCOc1cc(CN2CCC(Nc3nc4cc(S(=O)(=O)CC)ccc4o3)CC2)cc(OC2CCOCC2)c1,7.550000191,basic
CCOc1cc(CN2CCC(Nc3nc4cc(S(=O)(=O)CC)ccc4o3)CC2)ccc1OC,8.100000381,basic
CCOc1ccc(-c2ccc(CCCN(C)C)cc2)cc1,9.819999695,basic
CCOc1ccc(/N=C/N(C)C)cc1,9.239999771,basic
CCOc1ccc(C(=O)O)c(C)c1,4.539999962,acidic
CCOc1ccc(NC(=O)c2cn3c(C)c(C)nc3c3c2CCC(c2ccccc2)O3)cc1,6.570000172,basic
CCOc1ccc2nc(/C=C/c3ccccc3)cc(N)c2c1,9.5,basic
CCOc1ccc2ccccc2c1C(=O)N[C@@H]1C(=O)N2[C@@H](C(=O)O)C(C)(C)S[C@H]12,2.700000048,acidic
CCOc1ccc2nc(C(C)C)[nH]c2c1,6.170000076,basic
CCOc1ccc2nc(C)[nH]c2c1,6.21999979,basic
CCOc1ccc2nc(CC)[nH]c2c1,6.269999981,basic
CCOc1cccc(/N=C/N(C)C)c1,8.869999886,basic
CCOc1cccc(C(=O)O)c1C,3.730000019,acidic
CC[C@@H](C(=O)O)[C@@]1(O)C[C@H]2CC[C@@H]1C2,4.260000229,acidic
CC[C@H](C)Nc1cc(C(=O)N[C@@H](Cc2ccccc2)[C@H](O)[C@H]2CCCN2)cc(S(C)(=O)=O)n1,9.399999619,basic
CC[C@H](NC(=O)c1cc(F)ccc1NS(=O)(=O)c1ccc(Cl)cc1)c1ccccc1,3.799999952,acidic
CC[C@H]1OC(=O)C[C@@H](O)[C@H](C)[C@@H](O[C@@H]2O[C@H](C)C[C@H](N(C)C)[C@H]2O)[C@@H](CC=O)C[C@@H](C)C(=O)/C=C\[C@]2(C)O[C@H]2[C@@H]1C,8.789999962,basic
CC[C@]1(C)NC(=O)c2cc(S(=O)(=O)Nc3ccc(F)cc3F)ccc2NC1=O,7.300000191,acidic
CC[C@]1(C)NC(=O)c2cc(S(=O)(=O)Nc3ccc(OC(F)F)cc3)ccc2NC1=O,7.900000095,acidic
CCN(C(C)C)C(C)C,11.43999958,basic
CCN(C)C,10.125,basic
CCN(CC)C(C)C=C(c1cccs1)c1cccs1,8.899999619,basic
CCN(CC)CC(=O)NC1CCCCC1,8.210000038,basic
CCN(CC)CC(O)CO,9.770000458,basic
CCN(CC)CCBr,7.0,basic
CCN(CC)CCCC#N,9.289999962,basic
CCN(CC)CCN1C(=O)Nc2ccccc2C1c1ccccc1,10.22999954,basic
CCN(CC)CCNc1nc2c(=O)c3ccccc3[nH]c2s1,9.300000191,basic
CCN(CC)CCOc1ccc(C(=O)N2C/C(=C\c3ccccc3)C(=O)/C(=C/c3ccccc3)C2)cc1,10.84000015,basic
CCN1CC1,7.909999847,basic
CCN1CCc2onc(OC)c2C1,7.0,basic
CCNC(C)C,11.02999973,basic
CCNCc1ccccc1,9.75,basic
CCc1[nH]c2cc(F)ccc2c1C1CCN(CCCSc2ccc(F)cc2)CC1,9.800000191,basic
CCc1c(-c2ccccc2)[nH][nH]c1=O,7.800000191,acidic
CCc1c(O)ccc(C(C)C)c1C,10.85000038,acidic
CCc1cc(/N=N/c2ccc(N(C)C)cc2)ccc1C,2.589999914,basic
CCc1cc(C(=O)O)cs1,4.190000057,acidic
CCc1cc(C(C)C)c(O)cc1C,10.90999985,acidic
CCc1ccc(C(=O)/C=C/C(=O)O)cc1,3.380000114,acidic
CCc1ccc(C(C)C)cc1O,10.60999966,acidic
CCc1ccc(C)nn1,4.170000076,basic
CCc1ccc(CCCCN(C)C)cc1,9.899999619,basic
CCc1ccc2c(c1)[C@@H](NC[C@@H](O)[C@H](Cc1cc(F)cc(F)c1)NC(C)=O)CS(=O)(=O)C2,5.800000191,basic
CCc1cccc2c3c([nH]c12)C(CC)(CC(=O)O)OCC3,4.699999809,acidic
CCc1ccnc2c1ccc1cccnc12,5.440000057,basic
CCc1cnc(C(=O)O)cc1CC,6.579999924,acidic
CCc1nc2ccccc2[nH]1,6.199999809,basic
CCc1nn[nH]n1,5.590000153,acidic
CCc1oc2ccccc2c1C(=O)c1cc(C)c(O)c(C)c1,8.5,acidic
CCn1c(C)c(C)c2cc(-n3ccccc3=O)nc(NCc3c(C)cccc3C)c21,4.0,basic
CCn1cc([C@]2(c3cccc(NC(=O)c4ccc(Cl)cn4)c3)N=C(N)c3c(F)cccc32)cc(C)c1=O,7.300000191,basic
CCn1nnc(CC(=O)O)n1,3.450000048,acidic
CN(C(=O)N1CC(c2cc(F)ccc2F)=C[C@@]1(CO)c1ccccc1)C1CCN(C2CC2)CC1,7.5,basic
CN1CC[C@H](N(C)C(=O)N2CC(c3cc(F)ccc3F)=C[C@@]2(CO)c2ccccc2)[C@@H](F)C1,6.599999905,basic
CN(C)/C=N/c1ccc(Cl)cc1,8.460000038,basic
CN(C)/C=N/c1cccc(Cl)c1,7.96999979,basic
CN(C)/C=N/c1ccccc1Cl,6.849999905,basic
CN(C)C(=O)Cn1c(-c2ccccc2)c(C2CCCCC2)c2ccc(-c3noc(=O)[nH]3)cc21,4.800000191,acidic
CN(C)C(=O)OCC(=O)O,3.00999999,acidic
CN(C)C(=S)SCC(=O)O,3.339999914,acidic
CN(C)c1cc[n+]([O-])cc1,3.900000095,basic
CN(C)c1ccc(Br)cc1,4.25,basic
CN(C)c1ccc2cc3c(ccc4ccccc43)nc2c1,7.309999943,basic
CN(C)c1cccc(C#N)c1,2.970000029,basic
CN(C)c1ncc(-c2ccccc2)s1,4.889999866,basic
CN(C)c1noc(C2=CCCNC2)n1,8.579999924,basic
CN(CCC#N)CCC#N,4.239999771,basic
CN(O)C(=O)C(C)(C)C,9.93999958,acidic
CN(c1ccccc1Nc1c2ccccc2nc2ccccc12)S(C)(=O)=O,6.96999979,basic
CN1C(=O)C(C)(C)NC1=S,10.80000019,acidic
CN1C(=O)C(C)(c2cccc(NC(=O)c3ccc(Cl)cn3)c2)N=C1N,7.300000191,basic
CN1CC(C)(c2cccc(NC(=O)c3ccc(Cl)cn3)c2)N=C(N)C1=O,7.599999905,basic
CN1CC=CCN1C,5.699999809,basic
CNC(=O)/C=C(\c1ccc2nc(N)n(C3CCCC3)c2c1)c1ccccc1F,6.699999809,basic
CNC(=O)Oc1ccc2c(c1)[C@]1(C)CCN(C)[C@@H]1N2C,7.900000095,basic
CNC(=S)N(C)CCNc1c2ccccc2nc2ccccc12,9.0,basic
CNCC(F)(F)F,6.0,basic
CNN,7.869999886,basic
CNNC,5.199999809,basic
CNOC,4.75,basic
CNS(=O)(=O)Nc1cccc(Cc2c(C)c3ccc(Oc4ncccn4)cc3oc2=O)c1F,8.859999657,acidic
CNc1ccc(OC)cc1,5.929999828,basic
CNc1ccccc1,4.800000191,basic
CNc1ccccn1,7.130000114,basic
CNc1nccn2cc(-c3ccc([S+](C)[O-])cc3OC)nc12,5.360000134,basic
CO/N=C(\C#N)C1=CCCN(C)C1,7.650000095,basic
CO/N=C(\C#N)C1=CCCNC1,8.600000381,basic
COC(=O)C(N)CCCCNC(=O)OC(C)(C)C,8.899999619,basic
COC(=O)C(N)Cc1ccccc1,7.0,basic
COC(=O)C1=CCCNC1,8.699999809,basic
COC(=O)C1CCCN(C)C1,8.449999809,basic
COC(=O)C=C(C)O,10.60000038,acidic
COC(=O)CC1c2ccc(Cl)cc2NC(=O)C1S(=O)(=O)c1ccccc1,10.80000019,acidic
COC(=O)N1CCc2c(s[nH]c2=O)C1,7.300000191,acidic
COC(=O)Nc1ccccc1Nc1c2ccccc2nc2ccccc12,7.239999771,basic
COC(=O)[C@H](NC(=O)Cc1ccccc1)[C@@H]1SC(C)(C)[C@H]2C(=O)NC(=S)N12,8.0,acidic
COC(=O)c1ccc(OS(N)(=O)=O)cc1,8.279999733,acidic
COC(=N)N,9.720000267,basic
COC1CCN(C(=O)c2ccc3cc(OCCCN4CCCCC4)ccc3c2)CC1,9.569999695,basic
COCC(=O)OCCCS(=O)(=O)c1ccc(S(N)(=O)=O)s1,8.100000381,acidic
COCC1=C(C(=O)O)C2C=CC1C2,4.590000153,acidic
COCC1=C(C(=O)O)CC1,4.309999943,acidic
COCC1=C(C(=O)O)CCC1,4.5,acidic
COCC1CC(C(=O)NC[C@H]2CCCO2)CN(Cc2nc(N3CCOCC3)oc2C)C1,7.5,basic
COCCCN,9.920000076,basic
COCCNC(=O)c1cn2c(C)c(C)nc2c2c1CCC(c1ccccc1)C2,7.21999979,basic
COCCNc1cccc(OC)c1,3.700000048,basic
CO[C@@H]1[C@@H](OC(=O)c2ccc(C)[nH]2)[C@@H](O)[C@H](Oc2ccc3c(N4CCC(N(C)C)CC4)cc(=O)oc3c2C)OC1(C)C,9.0,basic
CO[C@H]1C(=O)N2C(C(=O)c3ccccc3)=C(C)CS(=O)(=O)[C@H]12,9.600000381,acidic
CO[C@H]1C[C@H]1C(=O)O,4.760000229,acidic
CO[C@H]1O[C@H](C(=O)O)[C@H](O)[C@H](O)[C@H]1O,3.549999952,acidic
COc1c(C)ncc(CO)c1C=O,4.75,basic
COc1c(CC=C(C)C)c(O)c(C(=O)O)c(CCc2ccccc2)c1CC=C(C)C,3.5,acidic
COc1cc(-c2cccc(Cl)c2)ncc1C1CCCN1C(=O)c1cncs1,5.0,basic
COc1cc(-n2cncc2-c2ccc3ccccc3c2)cc(OC)c1OC,5.579999924,basic
COc1cc(Br)cc(C(=O)N[C@H]2C[C@@H]3CC[C@H](C2)N3Cc2ccccc2)c1OC,8.840000153,basic
COc1cc(C(=O)N[C@@H]2CCC[C@@H]3CCN(C)C[C@@H]32)cc(OC)c1OC,9.020000458,basic
COc1cc(C(=O)O)ccc1C,4.130000114,acidic
COc1cc(C(C#N)N2CCCC2)cc(OC)c1OC,4.199999809,basic
COc1cc(C)c(C(=O)O)cc1-c1ccc(C#CCO)s1,4.199999809,acidic
COc1cc(C)c(S(=O)(=O)NC(C)=O)cc1-c1ccc(C#CCO)s1,4.800000191,acidic
COc1cc(CO)ccc1O,9.789999962,acidic
COc1cc(NS(=O)(=O)C(F)(F)F)cc(OC)c1Oc1ccc(C#N)c(Cl)c1,4.5,acidic
COc1cc(NS(=O)(=O)c2ccc(N)cc2)nc(OC)n1,5.980000019,acidic
COc1cc(OC)c(NC2=NCCN2)cc1Cl,10.14999962,basic
COc1cc2c(cc1O)CC[n+]1cc3c(OC)c(OC)ccc3cc1-2,9.600000381,acidic
COc1cc2c(cc1OC)-c1c(-c3cncs3)nc(C)n1CC2,5.0,basic
COc1cc2c(cc1OC)-c1c(-c3cncs3)ncn1CC2,4.300000191,basic
COc1cc2c(cc1OC)C(=O)Cc1ccc3c(c1CN(C)CC2)OCO3,8.090000153,basic
COc1cc2c(cc1OC)NC(N)=NC2,11.10000038,basic
COc1cc2c(cc1OC)NCC2,7.300000191,basic
COc1cc2ccc(=O)oc2cc1O,6.5,acidic
COc1cc2nc(N3CCN(C(=O)C4COc5ccccc5O4)CC3)nc(N)c2cc1OC,6.699999809,basic
COc1ccc(-c2cc(C(=O)O)[nH]n2)cc1,3.309999943,acidic
COc1ccc(-c2nc3nc(SC)nnc3[nH]2)c(OC)c1,7.690000057,acidic
COc1ccc(-c2nnc(C(=O)N3CC(Oc4ccc(CN(C)C)c(C)c4)C3)o2)cc1,9.300000191,basic
COc1ccc(-c2nnc(C(=O)N3CC(Oc4ccc(CN(C)C)c(F)c4)C3)o2)cc1,8.600000381,basic
COc1ccc(-c2nnc(C(=O)N3CC(Oc4ccc(CN(C)CC5(C)COC5)cc4)C3)o2)cc1,8.0,basic
COc1ccc(-c2nnc(C(=O)N3CC(Oc4ccc(CN5CCC(C)(O)C5)cc4)C3)o2)cc1,9.0,basic
COc1ccc(-c2nnc(C(=O)N3CC(Oc4ccc(CN5CCCC5)cc4)C3)o2)cc1,9.899999619,basic
COc1ccc(/N=N/c2ccncc2)cc1,4.53000021,basic
COc1ccc(C(=O)O)c(C)c1,4.539999962,acidic
COc1ccc(C(=O)O)cc1,4.449999809,acidic
COc1ccc(C(=S)Nc2ccc(Br)cc2)cc1,10.94999981,acidic
COc1ccc(C(=S)Nc2ccccc2)cc1,11.27000046,acidic
COc1ccc(C(CCC(N)C(F)(F)F)(c2ccccc2)c2ccc(C)cc2)cc1,4.630000114,basic
COc1ccc(C(CN(C)C)C2(O)CCCCC2)cc1,9.67142868,basic
COc1ccc(C(O)CN)cc1,9.020000458,basic
COc1ccc(C2(c3cccc(-c4cncnc4)c3)N=C(N)C(C(C)C)=N2)cc1,5.300000191,basic
COc1ccc(C2CCCN2C)cc1,8.899999619,basic
COc1ccc(C=O)cc1C(=O)N[C@H]1C[C@@H]2CC[C@H](C1)N2Cc1ccccc1,8.739999771,basic
COc1ccc(CC(=O)O)cc1,4.360000134,acidic
COc1ccc(CC(C)N)cc1,9.529999733,basic
COc1ccc(CCN(C)CCC[C@](C#N)(c2ccc(OC)c(OC)c2)C(C)C)cc1OC,8.659999847,basic
COc1ccc(CCNCCCC(C#N)(c2ccc(OC)c(OC)c2)C(C)C)cc1OC,9.869999886,basic
COc1ccc(Cc2cc(=O)c3ccc(O)cc3o2)cc1,7.349999905,acidic
COc1ccc(Cl)c2cccnc12,4.130000114,basic
COc1ccc(Cn2cc(C(=O)O)c(=O)c3c(F)ccc(F)c32)cc1,6.0,acidic
COc1ccc(N2CCN(CCCCNC(=O)c3ccc4nonc4c3)CC2)cc1,7.510000229,basic
COc1ccc(NC(=O)C2=CCCN(C)C2)cc1Nc1ncc(Cl)c(-c2cnn3ccccc23)n1,7.900000095,basic
COc1ccc(NC(=O)NO)cc1,10.19999981,acidic
COc1ccc(NC(=S)c2ccccc2)cc1,11.35999966,acidic
COc1ccc(NC=S)cc1,11.73999977,acidic
COc1ccc(NS(=O)(=O)c2ccccc2)cc1,8.880000114,acidic
COc1ccc(O)cc1,10.23999977,acidic
COc1ccc(OC(=O)NCCCN)cc1,9.600000381,basic
COc1ccc(OC(=O)Nc2cc(Cl)ccc2O)cc1,10.21000004,acidic
COc1ccc(S(=O)(=O)NCc2ccccc2)cc1,11.52999973,acidic
COc1ccc(S(=O)(=O)Nc2ccc(Cl)cc2)cc1,9.18999958,acidic
COc1ccc(S(N)(=O)=O)cc1,9.930000305,acidic
COc1ccc([C@@]2(F)C[C@@H]2N)cc1,7.5,basic
COc1ccc([C@@]2(F)C[C@@H]2N)cc1OC,7.400000095,basic
COc1ccc(N=C(N)c2cccs2)cc1CSC1CCCC1,8.100000381,basic
COc1ccc2[nH]c3c(C)nccc3c2c1,7.090000153,basic
COc1ccc2c(c1)C(O)N(C)C=C2,2.150000095,basic
COc1ccc2c(c1)CC(C)N2,6.199999809,basic
COc1ccc2c3c1O[C@H]1C(=O)CC[C@@]4(O)[C@@H](C2)N(C)CC[C@]314,8.81499958,basic
COc1ccc2c3c1O[C@H]1C(=O)CC[C@H]4[C@@H](C2)N(C)CC[C@]314,8.050000191,basic
COc1ccc2c3c1O[C@H]1CCC[C@H]4[C@@H](C2)N(C)CC[C@]314,8.829999924,basic
COc1ccc2c3c1O[C@H]1[C@@H](O)C=C[C@H]4[C@@H](C2)NCC[C@]314,9.229999542,basic
COc1ccc2c3c1O[C@H]1[C@@H](O)C=C[C@H]4[C@@H]([C@H]2O)N(C)CC[C@@]341,7.119999886,basic
COc1ccc2c3c1O[C@H]1[C@@H](O)CC[C@H]4[C@@H](C2)N(C)CC[C@]314,8.710000038,basic
COc1ccc2cc(C(C)C(=O)O)ccc2c1,4.570000172,acidic
COc1ccc2cc([C@H](C)C(=O)O)ccc2c1,4.171249866,acidic
COc1cccc(-c2cccc(C3(C)COCC(N)=N3)c2)c1,9.800000191,basic
COc1cccc(-c2cccc(C3(C)N=C(C)C(N)=N3)c2)c1,6.5,basic
COc1cccc(C(=O)CCN2CCOCC2)c1,7.099999905,basic
COc1cccc(C(=O)NCCN2CCN(c3noc4ccccc34)CC2)c1,6.239999771,basic
COc1cccc(C(=O)O)c1C,3.720000029,acidic
COc1cccc(Nc2c3ccccc3nc3ccccc23)c1,7.210000038,basic
COc1cccc(O)c(=O)c1,7.239999771,acidic
COc1cccc2c1CN(C1CC3CCC(C1)N3Cc1ccccc1)C2=O,8.680000305,basic
COc1cccc2c1c(NS(=O)(=O)c1ccc(Cl)c(Cl)c1)nn2Cc1cccc(CNC(=O)C(C)(C)O)c1,6.760000229,acidic
COc1cccc2c1c(NS(=O)(=O)c1ccc(Cl)s1)nn2Cc1cccc(CNC(=O)C(C)(C)O)c1,6.539999962,acidic
COc1cccc2ccc(C)nc12,5.690000057,basic
COc1ccccc1/N=C/N(C)C,8.109999657,basic
COc1ccccc1N1CCN(CCCn2c(C)cn3c4c(=O)n(C)c(=O)n(C)c4nc23)CC1,7.610000134,basic
COc1ccccc1OCCNCC(O)COc1cccc2[nH]c3ccccc3c12,8.635000229,basic
COc1ccccn1,3.200000048,basic
COc1nc(-n2[nH]c(C)cc2=O)nc(C)c1C,7.639999866,acidic
COc1nc(C)cc(=O)[nH]1,8.399999619,acidic
COc1nc(N)c2[nH]cnc2n1,10.0,acidic
COc1ncnc2ccccc12,3.130000114,basic
COc1noc2c1CN(Cc1ccccc1)CC2,6.0,basic
CS(=O)(=O)NC(=O)Nc1ccc(C(F)(F)F)cc1,4.199999809,acidic
CS(=O)(=O)c1ccc(S(=O)(=O)NCc2ccccc2)cc1,10.25,acidic
CSC(=S)N(C)CC(=O)O,2.980000019,acidic
CSC(N)=Nc1ccccc1,7.139999866,basic
CSc1ccc(N)c(I)c1,2.450000048,basic
CSc1ccc(N)cc1I,3.440000057,basic
CSc1ccc2ncccc2c1,4.75,basic
CSc1cccc2ncccc12,4.5,basic
CSc1ccccc1C(=O)O,3.890000105,acidic
CSc1ccncc1,5.96999979,basic
C[C@@H](C(=O)O)c1ccc(OS(=O)(=O)C(F)(F)F)cc1,4.0,acidic
C[C@@H]1CCCC[C@@H]1C(=O)O,5.039999962,acidic
C[C@@](Cc1c[nH]c2ccccc12)(NC(=O)OC1C2CC3CC(C2)CC1C3)C(=O)NC[C@@H](NC(=O)Cc1cc(=O)[nH]o1)c1ccccc1,6.5,acidic
C[C@@]1(c2cc(NC(=O)c3ccc(C#N)cn3)ccc2F)C[C@H](C(F)(F)F)OC(N)=N1,7.300000191,basic
C[C@@]1(c2cc(NC(=O)c3ccc(Cl)cn3)ccc2F)CCOCC(N)=N1,10.89999962,basic
C[C@@]1(c2cccc(NC(=O)c3ccc(Cl)cn3)c2)COC(N)=N1,8.300000191,basic
C[C@H](CCCNCc1ccccc1)[C@H]1CC[C@H]2[C@@H]3[C@@H](O)C[C@@H]4C[C@H](O)CC[C@]4(C)[C@H]3CC[C@@]21C,9.050000191,basic
C[C@H](CO)Nc1nc(SCc2ccccc2)nc2[nH]c(=O)sc12,7.0,acidic
C[C@H]([C@H]1C[C@H]1C(=O)O)[C@H]1CC[C@H]2[C@@H]3[C@@H](O)CC4C[C@H](O)CC[C@]4(C)[C@H]3CC[C@@]21C,5.039999962,acidic
C[C@H]1CCC[C@@H](C)N1CC(C)(C)O,10.64999962,basic
C[C@H]1CC[C@@H](C(=O)O)CC1,5.039999962,acidic
C[C@H]1CC[C@@H](C)[C@@H]1C(=O)O,4.690000057,acidic
C[C@H]1CC[C@@H](C)[C@H]1C(=O)O,5.400000095,acidic
C[C@H]1CC[C@@H]2CC[C@@H](C)N12,11.47999954,basic
C[C@H]1CN(C(=O)[C@@H]2CN(C(C)(C)C)C[C@H]2c2ccc(F)cc2F)C[C@@H](C)[C@]1(O)c1ccc(F)cc1,8.739999771,basic
C[C@H]1C[C@@H]2CCC[C@@H]2N1C,10.10000038,basic
C[C@H]1C[C@]23[C@H]4CCCN2CCC[C@@H]3[C@@H](C[C@@H]4O)C1=O,9.130000114,basic
C[C@]1(C2CCCC2)Cc2cc(OCC(=O)O)c(Cl)c(Cl)c2C1=O,3.900000095,acidic
C[C@]1(O)CCCC[C@@H]1N,9.489999771,basic
C[C@]1(c2cc(NC(=O)c3ccc(C#N)cn3)ccc2F)N=C(N)OCC1(F)F,5.800000191,basic
C[C@]1(c2cc(NC(=O)c3ccc(Cl)cn3)ccc2F)N=C(N)CO[C@@H]1F,7.900000095,basic
C[C@]1(c2cc(NC(=O)c3ccc(Cl)cn3)ccc2F)N=C(N)OCC1(F)F,6.300000191,basic
C[C@]1(c2cc(NC(=O)c3cnc(Cl)cn3)ccc2F)N=C(N)CO[C@H]1C(F)(F)F,7.800000191,basic
C[C@]1(c2cccc(NC(=O)c3ccc(Cl)cn3)c2)N=C(N)c2ccccc21,9.699999809,basic
C[N+](C)(C)CCc1ccc(O)cc1,9.800000191,acidic
C[N+](C)(C)Cc1cccc(O)c1,8.890000343,acidic
C[N+](C)(C)Cc1ccccc1O,8.710000038,acidic
CN(C)CC(C)(C)C,9.75,basic
CN(C)CC(CSC#N)SC#N,6.099999905,basic
CN(C)CC/C=C1/c2ccccc2Sc2ccc(Cl)cc21,8.840000153,basic
CN(C)CC1=CC2c3ccccc3C1c1ccccc12,8.039999962,basic
CN(C)CCC(C)(C)Cc1ccc(C(C)(C)C)cc1,9.5,basic
CN(C)CCC(c1ccccc1)c1ccc(-c2ccccc2)cc1,9.850000381,basic
CN(C)CCC=C1c2ccccc2C=Cc2ccccc21,9.68999958,basic
CN(C)CCCCC(=O)Oc1ccccc1,10.0,basic
CN(C)CCCCCNC(=O)CN=O,9.585000038,basic
CN(C)CCCCNC(=O)CN=O,9.470000267,basic
CN(C)CCCCc1ccc(C2(O)COC2)cc1,9.600000381,basic
CN(C)CCCc1ccc(Br)cc1,10.61999989,basic
CN(C)CCOC(c1ccccc1)c1ccc(Br)cc1,8.640000343,basic
CN(C)Cc1ccccc1C(=O)N(CCc1ccc(Cl)cc1)C1CCC2(CC1)OCCO2,8.399999619,basic
CN(C)[C@H]1CCCC[C@@H]1O,10.42000008,basic
CN(C/C=C/C#CC(C)(C)C)Cc1cccc2ccccc12,8.5,basic
CN(CCCCCCOc1ccc(C(=O)c2ccc(Br)cc2)cc1)CC1CC1,9.369999886,basic
CN(Cc1cc(Br)cc(Br)c1N)C1CCCCC1,8.5,basic
CN1C2CC(OC(=O)c3c[nH]c4ccccc34)CC1C1OC12,6.639999866,basic
CN1C2CCC1CC(=NOC(c1ccccc1)c1ccc(Cl)cc1)C2,8.340000153,basic
CN1C=C(C#N)CCC1,2.700000048,basic
CN1CC=CC1,9.920000076,basic
CN1CCC(=C2c3ccccc3C=Cc3ccccc32)CC1,8.869999886,basic
CN1CCC(OC(c2ccccc2)c2ccccc2)CC1,8.899999619,basic
CN1CCCC(n2nc(Cc3ccc(Cl)cc3)c3ccccc3c2=O)CC1,9.539999962,basic
CN1CCOCC1,7.53000021,basic
CN1CC[C@H]2CCC[C@@H](NC(=O)c3ccccc3)[C@H]2C1,9.180000305,basic
CN1C[C@H](CO)C[C@H]2c3cccc4[nH]cc(c34)C[C@@H]21,8.840000153,basic
CN1[C@H]2CC[C@@H]1C[C@H](OC(=O)C(CO)c1ccccc1)C2,9.761249542,basic
CNC(C)CC1CCCCC1,10.52000046,basic
CNC(CO)CO,9.119999886,basic
CNC1(c2ccccc2Cl)CCCCC1=O,7.494999886,basic
CNCC(N)=O,8.350000381,basic
CNCC(O)c1ccccc1,9.31000042,basic
CNCC1CC2c3ccccc3C1c1ccccc12,10.18000031,basic
CNCCCC1c2ccccc2C=Cc2ccccc21,8.199999809,basic
CNCCC[C@]12CC[C@H](c3ccccc31)c1ccccc12,10.5,basic
CNCCCc1ccccc1,10.57999992,basic
CNCC[C@H](Oc1cccc2ccccc12)c1cccs1,9.970000267,basic
CNCc1cc(-c2cccc(F)c2)n(S(=O)(=O)c2ccc(C)cc2)c1,9.31000042,basic
CNCc1ccc(C)cc1,9.930000305,basic
CN[C@@H](C)[C@H](O)c1ccccc1,9.555000305,basic
CN[C@]1(C)[C@@H]2CC[C@@H](C2)C1(C)C,11.08500004,basic
C[n+]1c2ccccc2c(Nc2ccccc2)c2[nH]c3ccccc3c21,10.60000038,acidic
C[n+]1cccc(CC(=O)c2ccccc2)c1,10.97999954,acidic
Cc1[nH]c2ccccc2c1C(=O)O,5.889999866,acidic
Cc1[nH]c2ccccc2c1CC(=O)O,4.670000076,acidic
Cc1[nH]c2ccccc2c1CCN(CCC(F)F)Cc1ccc(CCC(=O)N=O)cc1,5.800000191,basic
Cc1[nH]ccc1C(=O)O,5.800000191,acidic
Cc1[nH]ccc2c1[nH]c1cc(=O)ccc12,8.430000305,basic
Cc1[nH]n(C)c(=O)c1Cc1ccccc1,10.89999962,acidic
Cc1[nH]nc2c(N)cccc12,3.180000067,basic
Cc1[nH]nc2cc(N)ccc12,4.0,basic
Cc1c(-c2ccc(=O)n(Cc3ccccc3)n2)c2cc(Cl)cc(F)c2n1CC(=O)O,3.859999895,acidic
Cc1c(-c2ccc(=O)n(Cc3ccccc3)n2)c2cc(F)cc(S(C)(=O)=O)c2n1CC(=O)O,3.829999924,acidic
Cc1c(-c2ccc(=O)n(Cc3ccccc3)n2)c2ccccc2n1CC(=O)O,4.150000095,acidic
Cc1c(-c2noc(-c3ccc(OC(C)C)c(C#N)c3)n2)ccc2c1CCN(C[C@H](O)CO)C2,7.699999809,basic
Cc1c(C(=O)O)[nH]c2ccccc12,4.329999924,acidic
Cc1c(C(=O)c2cccc3ccccc23)c2cccc3c2n1[C@H](CN1CCOCC1)CO3,4.139999866,basic
Cc1c(N)ccc2c1-c1c(ccc3ccccc13)C2,4.489999771,basic
Cc1c(OCCN)no[n+]1[O-],8.699999809,basic
Cc1c2ccccc2c(CN2CCOCC2)c2ccccc12,6.599999905,basic
Cc1cnc(C)[nH]1,8.390000343,basic
Cc1cc(-c2cccc(Cl)c2)ncc1C1CCCN1C(=O)c1cnccn1,4.099999905,basic
Cc1cc(-c2ccccc2)nn2ccnc12,4.840000153,basic
Cc1cc(=O)n(-c2ccccc2)[nH]1,9.100000381,acidic
Cc1cc(Br)cc(Br)c1O,7.599999905,acidic
Cc1cc(Br)ccc1C(=O)O,3.769999981,acidic
Cc1cc(Br)ccc1N,3.579999924,basic
Cc1cc(C(=O)N2CCCC2c2ccc(-c3cccc(Cl)c3)nc2)no1,3.5,basic
Cc1cc(C(=O)O)ccc1Br,4.03000021,acidic
Cc1cc(C)c(C)c(N)c1C,4.300000191,basic
Cc1cc(C)c(O)c(C(C)C)c1,11.18000031,acidic
Cc1cc(C)c2nc(C)cc(N)c2c1,10.39999962,basic
Cc1cc(C)c2ccc3cccnc3c2n1,5.960000038,basic
Cc1cc(C)c2nc(-c3ccccn3)cc(C(=O)Nc3ccc4ccccc4c3)c2c1,3.049999952,basic
Cc1cc(C)cc(C(=N)c2ccccc2)c1,6.820000172,basic
Cc1cc(C)n(-c2cc(C)[nH]n2)n1,2.230000019,basic
Cc1cc(C=O)c(O)c(C=O)c1,6.199999809,acidic
Cc1cc(CC(=O)O)n(C)c1C(=O)c1ccc(Cl)cc1,4.699999809,acidic
Cc1cc(CO)c(O)c(CO)c1,9.920000076,acidic
Cc1cc(Cl)cc(C)c1NC1=NCCN1,10.25,basic
Cc1cc(Cl)cc(Cl)c1NC1=NCCN1,9.029999733,basic
Cc1cc(Cl)ccc1C(=O)O,3.75,acidic
Cc1cc(Cl)cnc1C(=O)Nc1ccc(F)c([C@@]2(C)N=C(N)CO[C@@H]2F)c1,7.400000095,basic
Cc1cc(N(C)C)cc[n+]1[O-],4.369999886,basic
Cc1cc(N)c2ccccc2n1,9.43999958,basic
Cc1cc(N)ccn1,9.43999958,basic
Cc1cc(N)ncn1,6.25,basic
Cc1cc(N2CC[C@H](N3CCC[C@@H]3C)C2)ccc1NC(=O)c1cc(C)n(C)n1,10.10000038,basic
Cc1cc(SSc2cc(C)nn2-c2ccccc2)n(-c2ccccc2)n1,4.800000191,basic
Cc1cc2nc(C(=O)N(C)C)cc(NCc3c(C)cccc3C)c2[nH]1,7.300000191,basic
Cc1cc2cccc(C)c2nc1C,4.409999847,basic
Cc1cc2cccnc2c2ncccc12,5.260000229,basic
Cc1cc2nc(N=C(N)N)nc(C)c2cc1C,9.300000191,basic
Cc1cc2nc[nH]c2cc1C,6.039999962,basic
Cc1cc2ncn(C)c2cc1C,6.0,basic
Cc1cc2nnn(O)c2cc1Cl,4.570000172,acidic
Cc1ccc(-c2nc3ccc(C)cn3c2CC(=O)N(C)C)cc1,6.019999981,basic
Cc1ccc(Br)cc1C(=O)O,3.579999924,acidic
Cc1ccc(C(=O)Oc2ccccc2)c(O)c1,9.43999958,acidic
Cc1ccc(C(=O)O)[nH]1,5.0,acidic
Cc1ccc(C(=O)O)o1,3.420000076,acidic
Cc1ccc(C(=O)c2ccc3n2CCC3C(=O)O)cc1,3.440000057,acidic
Cc1ccc(C(=S)Nc2ccc(F)cc2)cc1,10.97000027,acidic
Cc1ccc(C(C)C)c(O)c1,10.64999962,acidic
Cc1ccc(C(O)C(C(=O)O)c2ccc(C3CCCCC3)cc2)cc1,4.179999828,acidic
Cc1ccc(C)nc1,6.400000095,basic
Cc1ccc(C)nn1,3.99000001,basic
Cc1ccc(C2NCCS2)cc1,5.349999905,basic
Cc1ccc(CCC(=O)O)cc1,4.739999771,acidic
Cc1ccc(Cl)c(C(=O)O)c1,3.119999886,acidic
Cc1ccc(I)c(C(=O)O)c1,2.950000048,acidic
Cc1ccc(N)cc1,5.070000172,basic
Cc1ccc(N)cc1Cl,4.050000191,basic
Cc1ccc(N2CCCC2)cc1,4.690000057,basic
Cc1ccc(NC(=O)CN2CCCCC2)c(C)c1,7.800000191,basic
Cc1ccc(NC(=O)CN2CCCCC2)cc1,7.849999905,basic
Cc1ccc(NC(=O)c2cccc(S(=O)(=O)N3CCOCC3)c2)c(C(=O)O)c1,3.359999895,acidic
Cc1ccc(NC(=S)c2cccc(Br)c2)cc1,10.89000034,acidic
Cc1ccc(NC2=NCCN2)c(C)c1,10.59000015,basic
Cc1ccc(NC=S)cc1,11.64000034,acidic
Cc1ccc(NS(=O)(=O)c2ccc(Cl)cc2)cc1,8.779999733,acidic
Cc1ccc(Nc2c(S(=O)(=O)c3ccccc3)cnc3ccc(Cl)cc23)cc1,2.339999914,basic
Cc1ccc(O)c(C)c1,10.56000042,acidic
Cc1ccc(O)cc1[S+](C)C,8.010000229,acidic
Cc1ccc(OC(=O)CCCCN(C)C)cc1,9.869999886,basic
Cc1ccc(OC(=O)CCCN(C)C)cc1,9.529999733,basic
Cc1ccc(OCC(=O)O)cc1,3.150000095,acidic
Cc1ccc(OCCN2CCN(C(=O)c3cccs3)CC2)cc1,6.400000095,basic
Cc1ccc(S(=O)(=O)N2CCNCC2)cc1,7.409999847,basic
Cc1ccc(S(=O)(=O)NCCC(N)=[NH2+])cc1,10.14500046,acidic
Cc1ccc(S(=O)(=O)c2coc(S(N)(=O)=O)c2)cc1,8.670000076,acidic
Cc1ccc(S(=O)(=O)c2csc(S(N)(=O)=O)c2)cc1,8.949999809,acidic
Cc1ccc2c(c1)CCN2,5.0,basic
Cc1ccc2c(c1)ncn2[C@H]1O[C@@H](CO)[C@H](O)[C@@H](O)[C@@H]1O,4.320000172,basic
Cc1ccc2c(c1O)-c1c-2ccc(C)c1O,9.755000114,acidic
Cc1ccc2ccn3ccnc3c2n1,4.230000019,basic
Cc1ccc2n[nH]nc2c1,8.899999619,acidic
Cc1ccc2nc(C)ccc2c1,5.849999905,basic
Cc1ccc2nc3ccc(C)cc3cc2c1,4.5,basic
Cc1cccc(-c2nn[nH]n2)c1,4.150000095,acidic
Cc1cccc(C(=O)O)c1,4.28000021,acidic
Cc1cccc(C(=O)O)c1Br,2.900000095,acidic
Cc1cccc(C)c1C(=N)c1ccccc1,7.710000038,basic
Cc1cccc(C)c1CNc1cc(C(=O)N(C)C)nc2c(Br)c(C)[nH]c12,6.019999981,basic
Cc1cccc(C)c1NC(=O)CN(C)C,7.360000134,basic
Cc1cccc(C)c1NC(=O)CN,7.420000076,basic
Cc1cccc(C)c1NC(=S)c1ccccc1,10.78999996,acidic
Cc1cccc(C)c1NC1=NCCN1,10.52000046,basic
Cc1cccc(C)c1OCC(=O)O,3.359999895,acidic
Cc1cccc(C)c1OC[C@@H](C)N,9.199999809,basic
Cc1cccc(Cl)c1O,8.699999809,acidic
Cc1cccc(N)c1C,4.559999943,basic
Cc1cccc(NS(=O)(=O)c2ccccc2)c1,8.479999542,acidic
Cc1cccc(O)c1C(=O)Oc1ccccc1,8.630000114,acidic
Cc1cccc(OCC(=O)O)c1,3.180000067,acidic
Cc1cccc(Oc2cc(NCc3ccccc3)nc(N)n2)c1,5.269999981,basic
Cc1cccc(S(=O)(=O)N2CCC[C@@H]2CCN2CCC(C)CC2)c1,10.39999962,basic
Cc1cccc([P+](c2cccc(C)c2)(c2cccc(C)c2)C2c3ccccc3-c3ccccc32)c1,9.550000191,acidic
Cc1cccc2[nH]cnc12,5.670000076,basic
Cc1cccc2cc3ccccc3nc12,4.5,basic
Cc1ccccc1-c1nc2cn(-c3ccc(Cl)cc3)nc2c(=O)n1CC1CCCN(C(C)C)C1,10.0,basic
Cc1ccccc1-c1nn[nH]n1,4.090000153,acidic
Cc1ccccc1/C=C/c1ccc(N(C)C)cc1,4.590000153,basic
Cc1ccccc1C(=O)O,3.920000076,acidic
Cc1ccccc1C(O)C(C(=O)O)c1ccc(-c2ccccc2)cc1,4.190000057,acidic
Cc1ccccc1CN(C)C,8.710000038,basic
Cc1ccccc1N,4.449999809,basic
Cc1ccccc1N=C(N)Nc1ccccc1C,9.670000076,basic
Cc1ccccc1O,10.26000023,acidic
Cc1ccccc1OCC(=O)O,3.170000076,acidic
Cc1ccccc1OCC(O)CNCCOc1ccc(C(N)=O)cc1,7.900000095,basic
Cc1ccccc1[C@@H]1CCc2c(C(=O)N(C)C)cc3c(nc(C4CC4)n3C)c2O1,5.28000021,basic
Cc1cccnc1N,7.239999771,basic
Cc1cccnn1,3.460000038,basic
Cc1ccn[nH]1,3.660000086,basic
Cc1ccnc(-c2cc(C)ccn2)c1,5.320000172,basic
Cc1ccnc(N)n1,4.199999809,basic
Cc1ccnc(N2CCc3ccccc3C2)c1,6.599999905,basic
Cc1ccnc(NS(=O)(=O)c2ccc(Cl)cc2)n1,5.369999886,acidic
Cc1ccnc2c1ccc1c(C)ccnc12,5.940000057,basic
Cc1ccnc2ccccc12,5.510000229,basic
Cc1cn([C@H]2C[C@H](O)[C@@H](CO)O2)c(=O)[nH]c1=O,9.800000191,acidic
Cc1cn2c3c(=O)n(C)c(=O)n(C)c3nc2n1CCCN1CCN(c2ccccc2)CC1,7.550000191,basic
Cc1cn2c3c(=O)n(C)c(=O)n(C)c3nc2n1CCCN1CCc2ccccc2C1,8.659999847,basic
Cc1cnc(C(=O)NCCc2ccc(S(=O)(=O)NC(=O)NC3CCCCC3)cc2)cn1,5.900000095,acidic
Cc1cnc2c(c1)cc(C)c1cc(C)cnc12,5.269999981,basic
Cc1cnc2c(ccc3c(C)c(C)cnc32)c1C,6.309999943,basic
Cc1cnc2ccccc2c1,5.150000095,basic
Cc1cncc(C)c1,6.150000095,basic
Cc1cncc(C)n1,2.109999895,basic
Cc1cnnc(C)c1,4.110000134,basic
Cc1n[nH]c(C)c1C,4.820000172,basic
Cc1nc(C)nc(N)n1,3.599999905,basic
Cc1nc(N(C)C)nc(OC(=O)N(C)C)c1C,4.53000021,basic
Cc1nc(N)c2ncsc2n1,4.559999943,basic
Cc1nc(NS(=O)(=O)c2ccc(N)cc2)no1,4.400000095,acidic
Cc1nc2c(/C=C/Cc3ccccc3)cccn2c1CC#N,5.699999809,basic
Cc1nc2c(/C=C/Cc3ccccc3)cccn2c1N,6.75,basic
Cc1nc2c(N[C@H]3c4ccccc4C[C@@H]3O)cc(C(N)=O)cn2c1C,5.96999979,basic
Cc1nc2c(OCc3ccccc3)cccn2c1CO,6.099999905,basic
Cc1nc2c3c(c(C(=O)N(C)C)cn2c1Br)CCC(c1ccccc1)C3,5.110000134,basic
Cc1nc2c3c(c(C(=O)N(C)C)cn2c1C)CCC(c1ccccc1F)O3,6.78000021,basic
Cc1nc2c3c(c(C(=O)N(C)C)cn2c1C)CCC1(Cc2ccccc2C1)O3,6.840000153,basic
Cc1nc2c3c(c(C(=O)N(C)C)cn2c1CO)CCC(c1ccccc1)O3,5.860000134,basic
Cc1nc2c3c(c(C(=O)N4CCC4)cn2c1C)CCC(c1ccccc1)O3,6.639999866,basic
Cc1nc2c3c(c(C(=O)N4CCCC4)cn2c1C)CCC(c1ccccc1)O3,6.730000019,basic
Cc1nc2c3c(c(C(N)=O)cn2c1C)CCC(c1ccccc1)O3,6.519999981,basic
Cc1ncc(C(=O)O)s1,3.25999999,acidic
Cc1ncc(CN(C=O)C(C)C(=S)CCO)c(N)n1,4.190000057,basic
Cc1ncnc2ccccc12,2.519999981,basic
Cc1ncnc2nccnc12,2.920000076,basic
Cc1nn[nH]n1,5.210000038,acidic
Cc1nnc2c(c1C)CCC2,5.360000134,basic
Cc1noc(C2=CCC(C)NC2)n1,8.199999809,basic
Cc1noc(CN(C)C)n1,5.599999905,basic
Cc1nonc1CN=O,9.149999619,acidic
Cc1onc(-c2ccccc2)c1C(=O)N[C@@H]1C(=O)N2[C@@H](C(=O)O)C(C)(C)S[C@H]12,2.799999952,acidic
ClC1CC2CCN1CC2,6.980000019,basic
ClCC1CC2CCN1CC2,9.680000305,basic
ClCCN1CCOCC1,6.269999981,basic
Clc1ccc2c(NCc3nc(-c4ccccc4)cs3)ccnc2c1,6.449999809,basic
Clc1cccc(-c2ccccn2)n1,3.700000048,basic
Clc1cccc(Cl)c1N(CC1CC1)C1=NCCN1,10.89999962,basic
Clc1ccccc1-c1cn[nH]n1,8.5,acidic
Clc1ccccc1-c1nn[nH]n1,3.690000057,acidic
Clc1ccccc1CN(Cc1nn[nH]n1)c1ccccc1,4.340000153,acidic
Cn1/c(=N\N)sc2ccccc21,6.099999905,basic
Cn1c(=O)c2c([nH]c(=O)n2C)n(C)c1=O,6.0,acidic
Cn1c(=O)c2c(nc3n(CCCN4CCN(c5cccc(Cl)c5)CC4)c(-c4ccccc4)cn23)n(C)c1=O,10.60999966,basic
Cn1c(=O)c2c(nc3n(CCCN4CCN(c5ccccc5)CC4)ccn23)n(C)c1=O,8.090000153,basic
Cn1c(=O)c2cn[nH]c2n(C)c1=O,9.260000229,acidic
Cn1c(=O)n(C)c2c(N)cccc21,3.059999943,basic
CN1CCC=C(c2nc(-c3cn(C)c4ccccc34)no2)C1,7.199999809,basic
Cn1cc(N)cc1C(=O)O,5.25,acidic
Cn1ccc2c(Nc3cccc(Cl)c3)ncc(C(=O)N3CCOCC3)c21,6.099999905,basic
Cn1ccnc1F,2.299999952,basic
Cn1cnc2cccc(N)c21,5.789999962,basic
Cn1cnc2nc(N)[nH]c(=O)c21,8.430000305,acidic
Cn1cnc2nc[nH]c(=O)c21,8.800000191,acidic
CN1C2CCCC1CC(NC(=O)c1nn(C)c3ccccc13)C2,9.0,basic
Cn1nc(Cl)nc1NN=O,4.03000021,acidic
Cn1ncc2c(NC(C)(C)CC(C)(C)C)ncnc21,3.960000038,basic
Cn1ncc2c(Nc3ccccc3)ncnc21,3.529999971,basic
Cn1nccc1-c1cc(Cl)ccc1Oc1ccc(S(=O)(=O)Nc2ncns2)cc1C#N,3.5,acidic
FC(Cc1c[nH]c2ccc(-n3cnnc3)cc12)CN1CCC(Cc2ccccc2)CC1,8.699999809,basic
Fc1cc(F)c(F)c(S)c1F,2.75,acidic
Fc1ccc(CN(Cc2nn[nH]n2)c2ccccc2)c(F)c1,4.130000114,acidic
Fc1ccc(CN(Cc2nn[nH]n2)c2ccccc2)cc1,4.199999809,acidic
Fc1ccc(N2CCN(Cc3ccn4c(CC5CC5)nnc4c3C(F)(F)F)CC2)c(F)c1,5.0,basic
Fc1ccc2c(c1)N(CCCN1CCCC1)c1cc(F)ccc1CC2,7.75,basic
Fc1cccc(C(F)(F)F)c1N(CC1CC1)C1=NCCN1,10.69999981,basic
Fc1cccc(Cl)c1NC1=NCCN1,8.010000229,basic
Fc1cccc(F)c1N(CC1CC1)C1=NCCN1,10.30000019,basic
Ic1ccc(-c2nn[nH]n2)cc1,3.880000114,acidic
N#CC(C#N)=C(Br)C(C#N)C#N,2.599999905,acidic
N#CC(C#N)Cc1ccc(Cl)cc1,11.48999977,acidic
N#CC(C#N)N=Nc1cccc(O)c1,6.449999809,acidic
N#CC(C#N)N=Nc1ccccc1C(=O)O,6.699999809,acidic
N#CC(CCCC(=O)O)c1ccccc1,4.639999866,acidic
N#CC(c1ccc2c(c1)OCO2)N1CCCCC1,4.0,basic
N#CCC(C(=O)O)c1ccccc1,3.440000057,acidic
N#CCC(N)c1ccccc1,6.699999809,basic
N#CCCCOc1ccc(-c2ccc(-c3ccccc3Cl)n2Cc2cccc(N)n2)cc1,6.860000134,basic
N#CCCN,7.75,basic
N#CCCN(CCC#N)c1nn[nH]n1,4.849999905,acidic
N#CCN,5.369999886,basic
N#CCc1cccnc1,3.779999971,basic
N#Cc1cc(NS(=O)(=O)c2ccccc2C(F)(F)F)ccc1Cl,5.800000191,acidic
N#Cc1ccc(NC(=O)c2ccc(S(=O)(=O)N3CCOCC3)cc2)c(C(=O)O)c1,2.559999943,acidic
N#Cc1ccc(Nc2c3ccccc3nc3ccccc23)cc1,5.929999828,basic
N#Cc1ccc(Nc2nc(N)nc(Cc3c(Cl)cccc3Cl)n2)cc1,3.099999905,basic
N#Cc1ccc(Oc2ccc(S(=O)(=O)Nc3ccc(F)cn3)cc2C#N)cc1Cl,5.800000191,acidic
N#Cc1ccc2c(c1)CCN2,2.799999952,basic
N#Cc1cccc(C(=O)O)c1,3.599999905,acidic
N#Cc1cccc(N)c1,2.829999924,basic
N#Cc1cccc(S(N)(=O)=O)c1,8.840000153,acidic
NC(=O)C1CC2CCN1CC2,9.039999962,basic
NC(=O)CCCCc1cccnc1,5.599999905,basic
NC(=O)CCCCc1ccncc1,5.920000076,basic
NC(=O)CCc1ccccn1,5.090000153,basic
NC(=O)CS(=O)(=O)NC(N)=O,5.050000191,acidic
NC(=O)C[C@H](N)C(N)=O,7.0,basic
NC(=O)CN[C@@H]1CC[C@H](OCc2cc(C(F)(F)F)cc(C(F)(F)F)c2)[C@H]1c1ccccc1,6.599999905,basic
NC(=O)Cc1ccc(C(=O)O)cc1,4.059999943,acidic
NC(=O)Cc1ccccn1,4.340000153,basic
NC(=O)c1ccccc1C(=O)O,3.75,acidic
NC(=O)c1ccccc1O,8.609999657,acidic
NC(=O)c1cccnc1,3.319999933,basic
NCC(N)=S,7.269999981,basic
NC(=Nc1nsc2ccccc12)c1ccccc1,5.400000095,basic
NC(=Nc1ccccc1)Nc1ccccc1,9.93999958,basic
NC(N)=Nc1nc(-c2cccc(Nc3n[s+]([O-])nc3N)c2)cs1,7.550000191,basic
NC1=NC(c2ccnc(C(F)(F)F)c2)(c2ccc(F)c(-c3cncnc3)c2)c2cccc(F)c21,6.400000095,basic
NC1=NC2(CCc3ccc(NC(=O)c4ccc(Cl)cn4)cc32)CO1,8.300000191,basic
NC1=Nc2c(F)cccc2[C@H]2CCC[C@@]12F,6.599999905,basic
NCCC(F)(F)F,8.699999809,basic
NNC(=O)c1ccccn1,2.859999895,basic
NS(=O)(=O)C(F)(F)Br,6.53000021,acidic
NS(=O)(=O)C(F)(F)Cl,6.5,acidic
NS(=O)(=O)CCc1ccccc1,10.03999996,acidic
NS(=O)(=O)Oc1ccc(C(=O)OC2CCCCC2)cc1,8.81000042,acidic
NS(=O)(=O)Oc1ccc(C(=O)OC2CCCCCC2)cc1,8.880000114,acidic
NS(=O)(=O)c1cc2c(s1)S(=O)(=O)CC(O)C2,8.600000381,acidic
NS(=O)(=O)c1cc2c(s1)S(=O)(=O)CC[C@@H]2O,8.300000191,acidic
NS(=O)(=O)c1cc2c(s1)S(=O)(=O)CC[C@H]2O,8.350000381,acidic
NS(=O)(=O)c1ccc(S(=O)(=O)CCCCO)cc1,9.600000381,acidic
NS(=O)(=O)c1ccc(S(=O)(=O)CCO)c(F)c1,9.0,acidic
NS(=O)(=O)c1ccc(SCCCCCO)cc1,9.25,acidic
NS(=O)(=O)c1ccc(SCCCCO)s1,9.5,acidic
NS(=O)(=O)c1ccc(SCCCO)s1,9.319999695,acidic
NS(=O)(=O)c1ccc(SCCO)s1,9.460000038,acidic
NS(=O)(=O)c1cccc(C(F)(F)F)c1,8.979999542,acidic
NS(=O)(=O)c1cccc(Cl)c1,9.039999962,acidic
NS(=O)(=O)c1nnc(Nc2ccccc2)s1,9.404999733,acidic
Nc1[nH]cnc(=S)c1N,2.210000038,basic
Nc1c2ccccc2nc2ccccc12,9.795000076,basic
Nc1cc(N)c2ccccc2n1,9.449999809,basic
Nc1cc(N2CCOCC2)nc(N)n1,6.730000019,basic
Nc1cc(S(N)(=O)=O)ccc1S(=O)(=O)CCCO,9.149999619,acidic
Nc1cc2c(cc1Br)CCCC2,3.049999952,basic
Nc1ccncc1N,9.06000042,basic
Nc1ccc(-c2cnc(-c3ccc(Br)cc3)o2)cc1,3.50999999,basic
Nc1ccc(-c2nc3ccccc3s2)cc1,3.0,basic
Nc1ccc(Br)cc1,3.789999962,basic
Nc1ccc(Br)cc1Br,2.299999952,basic
Nc1ccc(C(=O)O)c(Cl)c1,3.904999971,acidic
Nc1ccc(C(=O)O)c(F)c1,4.130000114,acidic
Nc1ccc(C(=O)O)cc1I,4.340000153,acidic
Nc1ccc(C(=O)c2ccccc2)cc1,2.24000001,basic
Nc1ccc(Cl)cc1,3.974999905,basic
Nc1ccc(S(=O)(=O)Nc2nccs2)c(Cl)c1,6.949999809,acidic
Nc1ccc(S(=O)(=O)Nc2nccs2)cc1/N=N/c1ccccc1,5.849999905,acidic
Nc1ccc(S(=O)(=O)c2ccc(C(=O)O)cc2)cc1,3.599999905,acidic
Nc1ccc2ccnnc2c1,4.849999905,basic
Nc1cccc(-c2ccccc2)c1,4.28000021,basic
Nc1cccc(-c2nc3ccccc3s2)c1,3.400000095,basic
Nc1cccc(Cl)c1,3.589999914,basic
Nc1cccc(Cn2c(-c3ccc(Oc4ccccc4)cc3)ccc2-c2ccccc2Cl)n1,6.860000134,basic
Nc1cccc(Cn2c(-c3ccc(Oc4ccccn4)cc3)ccc2-c2ccccc2Cl)n1,6.860000134,basic
Nc1cccc(Cn2c(-c3ccccc3)ccc2-c2ccc(C(=O)NC3CC3)cc2)n1,6.860000134,basic
Nc1cccc(F)c1,3.494999886,basic
Nc1cccc2ncccc12,5.460000038,basic
Nc1cccnc1C(=O)O,7.179999828,acidic
Nc1cccnc1N1CCc2ccccc2C1,5.0,basic
Nc1ccncn1,5.704999924,basic
Nc1cn[nH]c1,5.570000172,basic
Nc1cncn1[C@H]1O[C@@H](CO)[C@H](O)[C@@H]1O,6.050000191,basic
Nc1n[nH]c(N)c1/N=N/c1ccccc1,3.430000067,basic
Nc1nc2c(ncn2[C@@H]2C=C[C@H](CO)C2)c(=O)[nH]1,9.680000305,acidic
Nc1nc2cc3ccccc3cc2[nH]1,7.010000229,basic
Nc1ncc(-c2ccccc2)s1,4.900000095,basic
Nc1nccc(-c2csc(N)n2)n1,3.299999952,basic
Nc1ncnc2c1cnn2CCO,4.289999962,basic
Nc1ncnc2c1ncn2C1CCCCC1,4.190000057,basic
Nc1ncnc2ncn([C@H]3O[C@H](CO)[C@@H](O)[C@H]3O)c12,3.900000095,basic
Nc1nnc(-c2cccc(Cl)c2Cl)c(N)n1,5.320000172,basic
Nc1nnc(S(N)(=O)=O)s1,7.690000057,acidic
Nc1noc(C2=CCCNC2)n1,8.25,basic
O=C(CCCCN1CCOCC1)c1ccccc1,7.5,basic
O=C(CCS(=O)(=O)c1ccc2cc(Cl)ccc2c1)N1CCC(c2cnc3ccccn23)CC1,5.900000095,basic
O=C(CCS(=O)(=O)c1ccc2cc(Cl)ccc2c1)N1CCC(c2cnc[nH]2)CC1,6.900000095,basic
O=C(CCN1CCOCC1)C(c1ccccc1)c1ccccc1,6.389999866,basic
O=C(CCc1ccccc1)NO,8.180000305,acidic
O=C(CCl)Nc1nnc(-c2ccccc2)s1,6.900000095,acidic
O=C(CNC(=O)c1[nH]ccc(=O)c1(O))NCc1ccccc1,6.199999809,acidic
O=C(Cc1ccccc1)NO,9.260000229,acidic
O=C(Cc1ccccc1Nc1c(Cl)cccc1Cl)OCCCCN1CCOCC1,8.399999619,basic
O=C(Cc1ccccc1Nc1c(Cl)cccc1Cl)OCCN1CCOCC1,7.519999981,basic
O=C(NCC1CCCCC1)c1cnc(Nc2cccc(Cl)c2)cc1C(F)(F)F,2.630000114,basic
O=C(NCCN1CCCC1)[C@H]1C[C@@H]1c1ccccc1,9.199999809,basic
O=C(NCc1ccc(S(=O)(=O)c2cc(F)cc(F)c2)cc1)c1ccc2nccn2c1,5.300000191,basic
O=C(NCc1ccncc1)C1=CCCC1C(=O)N1CCCC1,4.400000095,basic
O=C(NO)C1CCCCC1,9.869999886,acidic
O=C(NO)Nc1ccccc1,10.30000019,acidic
O=C(Nc1cc(Cl)ccc1O)Oc1ccccc1,10.0,acidic
O=C(Nc1ccc(C2CCCCC2)cc1)C1=C(O)CC(C2CCCCC2)NC1=O,6.5,acidic
O=C(Nc1ccc(C2CCCCC2)cc1)C1=C(O)CC(Cc2ccccc2)NC1=O,6.5,acidic
O=C(Nc1ccc(S(=O)(=O)c2ccccc2)cc1)C1=C(O)CC(Cc2ccccc2)NC1=O,6.5,acidic
O=C(Nc1cccc(OCc2ccccc2F)c1)C1CCN(c2ccncc2)CC1,9.199999809,basic
O=C(Nc1cccnc1)c1ccccc1,3.799999952,basic
O=C(O[C@H]1O[C@@H](C(=O)O)[C@H](O)[C@@H](O)[C@@H]1O)c1ccccc1,2.849999905,acidic
O=C(O)/C=C/SC1CCCCC1,4.699999809,acidic
O=C(O)/C=C/c1ccco1,4.289999962,acidic
O=C(O)/C=C/c1cccs1,4.25,acidic
O=C(O)/C=C/c1ccoc1,4.309999943,acidic
O=C(O)/C=C\SC1CCCCC1,4.949999809,acidic
O=C(O)C#COc1ccccc1,3.089999914,acidic
O=C(O)C(=O)Cc1ccccc1,2.680000067,acidic
O=C(O)C(CO)c1ccccc1,4.230000019,acidic
O=C(O)C(c1ccc(-c2ccccc2)cc1)C(O)c1ccccc1,4.25,acidic
O=C(O)C(c1ccc(-c2ccccc2)cc1)C1(O)CCCC1,3.650000095,acidic
O=C(O)C(c1ccc(-c2ccccc2)cc1)C1(O)CCCCC1,3.589999914,acidic
O=C(O)C(c1ccc(C2CCCCC2)cc1)C(O)c1ccccc1,4.239999771,acidic
O=C(O)C1(O)CCC1,3.880000114,acidic
O=C(O)C1(O)CCCCC1,4.179999828,acidic
O=C(O)C1CC1(Br)Br,3.569999933,acidic
O=C(O)C1CCCOC1,4.25,acidic
O=C(O)CC(F)(F)F,3.059999943,acidic
O=C(O)CC(O)c1ccccc1,4.400000095,acidic
O=C(O)CCBr,3.859999895,acidic
O=C(O)CCC(=O)c1ccc(-c2ccccc2)cc1,4.460000038,acidic
O=C(O)CCP,4.230000019,acidic
O=C(O)CCc1ccsc1,4.449999809,acidic
O=C(O)CCc1nnnn1-c1ccccc1,5.0,acidic
O=C(O)CI,3.160000086,acidic
O=C(O)CN1C(=O)c2cccc3cccc(c23)C1=O,4.800000191,acidic
O=C(O)COc1cc2c(c(Cl)c1Cl)C(=O)C(CC1CCCC1)C2,3.799999952,acidic
O=C(O)CSc1ccccc1,3.519999981,acidic
O=C(O)C[C@]1(O)C[C@@H]2C=C[C@H]1C2,4.360000134,acidic
O=C(O)C[C@]1(O)C[C@@H]2CC[C@H]1C2,4.460000038,acidic
O=C(O)C[C@]1(O)C[C@H]2C=C[C@@H]1C2,4.360000134,acidic
O=C(O)Cc1cc(-c2ccccc2)c2ccccc2c1,7.0,acidic
O=C(O)Cc1cc2ccccc2cc1-c1ccccc1,7.099999905,acidic
O=C(O)Cc1ccc2c(-c3ccccc3)cccc2c1,6.599999905,acidic
O=C(O)Cc1cccc2c(-c3ccccc3)cccc12,6.699999809,acidic
O=C(O)Cc1cccc2cc(-c3ccccc3)ccc12,6.900000095,acidic
O=C(O)Cc1cccc2oc(-c3ccccc3)nc12,6.300000191,acidic
O=C(O)Cc1ccccc1Nc1c(Cl)cccc1Br,4.199999809,acidic
O=C(O)Cc1ccoc1,4.070000172,acidic
O=C(O)Cc1nn(Cc2nc3cc(C(F)(F)F)ccc3s2)c(=O)c2ccccc12,3.0,acidic
O=C(O)Cn1ccc2ccccc21,3.400000095,acidic
O=C(O)Cn1cccc1,3.299999952,acidic
O=C(O)[C@@H]1C[C@@H]1c1ccccc1,4.820000172,acidic
O=C(O)[C@@H]1O[C@H](Oc2ccc(I)cc2)[C@@H](O)[C@H](O)[C@H]1O,3.279999971,acidic
O=C(O)[C@H]1C[C@H]2CC[C@@H]1C2,5.079999924,acidic
O=C(O)c1c[nH]c2cc(F)c(-c3ccc(C4(O)CCC4)cc3)c(F)c12,4.900000095,acidic
O=C(O)c1c[nH]c2ccccc12,5.269999981,acidic
O=C(O)c1cc(-c2ccccc2)oc(=O)c1,3.299999952,acidic
O=C(O)c1cc(Br)ccc1O,3.900000095,acidic
O=C(O)c1cc2ccccc2o1,2.839999914,acidic
O=C(O)c1cc2ccccc2oc1=O,3.599999905,acidic
O=C(O)c1cc2ccccc2s1,3.099999905,acidic
O=C(O)c1cc2sccc2[nH]1,3.880000114,acidic
O=C(O)c1ccc(-c2ccc(Cl)c(O[C@H]3O[C@H](CO)[C@@H](O)[C@H](O)[C@@H]3O)c2)cc1,3.410000086,acidic
O=C(O)c1ccc(-c2ccc(O[C@H]3O[C@H](CO)[C@@H](O)[C@H](O)[C@@H]3O)c(Cl)c2)cc1,3.980000019,acidic
O=C(O)c1ccc(-c2ccc(O[C@H]3O[C@H](CO)[C@@H](O)[C@H](O)[C@@H]3O)cc2)cc1,3.880000114,acidic
O=C(O)c1ccc(Br)s1,3.299999952,acidic
O=C(O)c1ccc(C2CC2)cc1,4.420000076,acidic
O=C(O)c1ccc(Cl)cc1,3.9375,acidic
O=C(O)c1cccc(=O)cc1,3.200000048,acidic
O=C(O)c1cccc(Br)c1,3.863332987,acidic
O=C(O)c1cccc2cc3ccccc3cc12,3.700000048,acidic
O=C(O)c1ccccc1Br,2.930000067,acidic
O=C(O)c1ccccc1Cl,3.430000067,acidic
O=C(O)c1cccs1,3.460000038,acidic
O=C(O)c1ccn[nH]1,3.839999914,acidic
O=C(O)c1cnc(Cl)s1,3.0,acidic
O=C(O)c1csc(Br)c1,3.700000048,acidic
O=C(O)c1csc(Br)n1,3.279999971,acidic
O=C(O)c1csc(Cl)c1,3.799999952,acidic
O=C(O)c1cssc1=S,2.799999952,acidic
O=C(O)c1nccs1,2.569999933,acidic
O=C(c1cc2cc(OC3CCN(C4CC4)CC3)ccc2[nH]1)N1CCOCC1,7.699999809,basic
O=C(c1cc2cc(OC3CCN(C4CC4)CC3)ccc2n1CC(F)(F)F)N1CCOCC1,7.5,basic
O=C(c1cc2cc(OC3CCN(C4COC4)CC3)ccc2n1CC(F)(F)F)N1CCOCC1,6.400000095,basic
O=C(c1cc2cc(OCCCN3CCCCC3)ccc2[nH]1)N1CCOCC1,10.0,basic
O=C(c1ccc(Cl)cc1)c1ccn[nH]1,11.86999989,acidic
O=C(c1ccc2c(c1)cc(C(=O)N1CCOCC1)n2CC(F)(F)F)N1CCN(C2CCC2)CC1,6.800000191,basic
O=C(c1ccccc1)N(O)c1ccccc1,7.869999886,acidic
O=C(c1nnc(-c2ccccc2)o1)N1CC(Oc2ccc(CN3CC4(CCCO4)C3)cc2)C1,8.399999619,basic
O=C(c1nnc(-c2ccccc2)o1)N1CCC(Oc2ccc(CN3CCC(O)C3)cc2)CC1,8.899999619,basic
O=C1C(=NS(=O)(=O)c2ccccc2)C(c2cccc(Cl)c2)C(=O)c2ccccc21,4.5,acidic
O=C1C(=NS(=O)(=O)c2ccccc2)C(c2ccccc2Cl)C(=O)c2ccccc21,4.900000095,acidic
O=C1C=C(O)C(Cc2ccc(Br)cc2)C1,3.960000038,acidic
O=C1C=C(O)c2ccccc2C1=O,3.190000057,acidic
O=C1CC(c2ccccc2)CC(O)=C1Sc1ccccc1Cl,3.0,acidic
O=C1CCCC(=O)N1O,7.599999905,acidic
O=C1CCN(Cc2ccc3c(c2)OCO3)C1,6.099999905,basic
O=C1CSC(=O)N1,6.679999828,acidic
O=C1Cc2cc(O)ccc21,7.239999771,acidic
O=C1NC(=O)c2ccccc21,9.909999847,acidic
O=C1NCC(c2ccc(F)cc2)C12CCN(C1(c3ccc(F)cc3)CCCCC1)CC2,8.75,basic
O=C1NCC(c2ccccc2)C12CCN(C1(c3ccccc3)CCCOC1)CC2,7.099999905,basic
O=C1NC[C@@H](c2ccccc2)C12CCN(C1CCCCC1c1ccccc1)CC2,8.850000381,basic
O=C1OC2C3CC4C2C4(C(=O)O)C13Br,3.5,acidic
O=C1c2ccccc2C(=O)N1O,6.130000114,acidic
O=Cc1ccccc1C(=O)O,4.559999943,acidic
O=NC(=O)CCc1ccc(CN2CCCC(c3c(-c4ccccc4)[nH]c4ccccc34)C2)cc1,7.699999809,basic
O=NCC(=O)NCCN1CCOCC1,6.190000057,basic
O=Nc1c(O)ccc2ncsc12,5.429999828,acidic
O=P1(O)NCCCO1,4.099999905,acidic
O=S(=O)(Cc1ccccc1)c1cn[nH]n1,5.150000095,acidic
O=S(=O)(Cc1ccccc1)c1ncn[nH]1,6.230000019,acidic
O=S(=O)(NBr)c1ccccc1,4.949999809,acidic
O=S(=O)(Nc1cc(Cl)c(Cl)cc1Cn1ccnn1)c1ccc(Cl)s1,5.300000191,acidic
O=S(=O)(Nc1ccc(Cl)cc1)c1ccc(Br)cc1,8.239999771,acidic
O=S(=O)(Nc1ccc(Cl)cc1)c1ccc(F)cc1,8.609999657,acidic
O=S(=O)(Nc1ccc(Cl)cc1)c1ccccc1,8.329999924,acidic
O=S(=O)(Nc1cccc(C(F)(F)F)c1)C(F)(F)F,3.5,acidic
O=S(=O)(Nc1cccc(F)c1)c1ccccc1,7.539999962,acidic
O=S(=O)(Nc1ccccc1)c1ccc(Br)cc1,8.5,acidic
O=S(=O)(Nc1ccccc1)c1cccc(Br)c1,8.25,acidic
O=S(=O)(Nc1cncc(Br)c1)c1ccccc1C(F)(F)F,5.300000191,acidic
O=S(=O)(c1ccc(F)cc1)C1(F)CCN(CCc2ccc(F)cc2F)CC1,6.300000191,basic
O=S(=O)(c1cccc(F)c1)c1ccc2c3c(oc2c1)C1(CCCOC1)NCC3,7.5,basic
[O-][S+](Cc1ccccc1)c1cn[nH]n1,6.090000153,acidic
[O-][S+](Cc1ccccc1)c1ncn[nH]1,7.380000114,acidic
O=S1(=O)NCN(CC(F)(F)F)c2ccc(Cl)cc21,9.010000229,acidic
O=S1N=C(CCc2ccccc2)NO1,5.230000019,acidic
O=c1[nH]c2cc(C(F)(F)F)ccc2n1-c1cc(Cl)ccc1O,9.600000381,acidic
O=c1[nH]c2ccccc2[nH]c1=O,9.670000076,acidic
O=c1[nH]c2ccccc2c(=O)o1,8.25,acidic
O=c1[nH]cnc2cccnc12,8.949999809,acidic
O=c1[nH]sc2ccccc12,7.010000229,acidic
O=c1c(-c2nn[nH]n2)coc2ccccc12,5.849999905,acidic
O=c1c(CC[S+]([O-])c2ccccc2)c(O)n(-c2ccccc2)n1-c1ccccc1,2.799999952,acidic
O=c1c(O)c1-c1ccccc1,2.00999999,acidic
O=c1c2ccccc2n(CCCN2CCCCC2)c2ccc(Cl)cc12,5.389999866,basic
O=c1cc(-c2ccccc2)[nH][nH]1,11.39999962,acidic
O=c1cc(-c2ccccc2)c2ccccc2n1CC1CN2CCC1CC2,10.10000038,basic
O=c1cc(O)c2ccc(Cl)cc2[nH]1,5.800000191,acidic
O=c1cc(O)c2ccccc2o1,4.869999886,acidic
O=c1cc(O)n2nccc2[nH]1,3.700000048,acidic
O=c1ccc2ccc(O)cc2o1,6.179999828,acidic
O=c1cnn([C@H]2O[C@@H](CO)[C@H](O)[C@@H]2O)c(=O)[nH]1,6.599999905,acidic
O=c1oc2cc(O)ccc2cc1-c1nc2ccccc2o1,6.840000153,acidic
O=c1oc2cc(O)ccc2cc1-c1nc2ccccc2s1,7.019999981,acidic
OC(CBr)(Oc1ccccc1)c1ccccc1,11.18000031,acidic
OC1(c2cc3ccccc3o2)CN2CCC1CC2,8.840000153,basic
OCCCCCc1ccccn1,5.929999828,basic
OCCCCCc1ccncc1,6.039999962,basic
OCCCNc1c2ccccc2nc2c1oc1ccccc12,8.199999809,basic
OCCC[C@H]1CC[C@@H]2CCCN21,11.17000008,basic
OC[C@H]1O[C@H](Oc2ccc(-c3ccc(-c4nn[nH]n4)cc3)cc2)[C@@H](O)[C@@H](O)[C@@H]1O,3.700000048,acidic
OCc1ccccc1O,9.920000076,acidic
OCc1nc2ncncc2[nH]1,8.789999962,acidic
O[C@H]1CO[C@H](n2cnc3ccccc32)[C@@H](O)[C@@H]1O,3.920000076,basic
Oc1cc(Cl)c(Cl)cc1Cl,7.0,acidic
Oc1cc(Cl)cc(Cl)c1,8.069999695,acidic
Oc1cc(O[C@@H]2OC[C@@H](O)[C@H](O)[C@H]2O)c2ccccc2c1,9.220000267,acidic
Oc1cc(O[C@@H]2OC[C@@H](O)[C@H](O)[C@H]2O)cc2ccccc12,8.659999847,acidic
Oc1ccc(/N=N/c2nc3ccccc3s2)c2cccnc12,7.199999809,acidic
Oc1ccc(Cl)c2ccccc12,8.640000343,acidic
Oc1ccc(Cl)cc1,9.316666603,acidic
Oc1ccc(F)cc1,9.885000229,acidic
Oc1ccc2c(O[C@@H]3OC[C@@H](O)[C@H](O)[C@H]3O)cccc2c1,9.340000153,acidic
Oc1ccc2cc(Cl)ccc2c1,9.31000042,acidic
Oc1ccc2cccc(-c3ccccc3)c2c1,9.380000114,acidic
Oc1cccc2[nH]ncc12,8.649999619,acidic
Oc1cccc2c1-c1c(O)cccc1-2,9.579999924,acidic
Oc1cccc2c1-c1ccccc1-2,8.640000343,acidic
Oc1cccc2ccc(O[C@@H]3OC[C@@H](O)[C@H](O)[C@H]3O)cc12,9.289999962,acidic
Oc1cccc2scnc12,8.770000458,acidic
Oc1ccccc1-c1ccccc1O,7.5,acidic
Oc1ccccc1Cl,8.676667213,acidic
Oc1ccccc1O,10.44499969,acidic
Oc1oc(-c2ccccc2)nc1Cc1ccccc1,8.720000267,acidic
On1nnc2ccc(Cl)cc21,4.150000095,acidic
S=C(Nc1ccc(Br)cc1)c1ccccc1,10.42000008,acidic
S=C(Nc1ccc(Cl)c(Cl)c1)c1ccccc1,9.960000038,acidic
S=C(Nc1ccc(Cl)cc1)c1ccc(Cl)cc1,10.25,acidic
S=C(Nc1ccccc1)c1cccc(Br)c1,10.48999977,acidic
S=C(S)N1CCCC1,2.970000029,acidic
S=c1[nH]ccc2ccccc12,10.81999969,acidic
N=CN1C2CCC1CC(OC(=O)C(CO)c1ccccc1)C2,10.32999992,basic
NC1(C(=O)N[C@H](Cc2c[nH]c3ccccc23)C(=O)N2CCC3(CCc4ccccc43)CC2)CC1,5.900000095,basic
NC12CCC(C1)C2,9.300000191,basic
NCC1CCCCC1,10.52000046,basic
NCCC=C(Cl)Cl,9.850000381,basic
NCCCCBr,10.0,basic
NCCCCO,10.35000038,basic
NCCCCl,9.890000343,basic
NCCCO,10.0,basic
NCCO,9.524999619,basic
NCCc1ccc(Cl)cc1,9.659999847,basic
N[C@@H]1CCC[C@H](O)C1,10.05000019,basic
N[C@@H]1C[C@]1(F)c1ccc(C(F)(F)F)cc1,6.599999905,basic
N[C@H]1CCCC[C@@H]1O,9.350000381,basic
N[C@H]1CCC[C@@H]1O,9.279999733,basic
N[C@H]1CCc2ccccc21,9.210000038,basic
N[C@H]1C[C@]1(F)c1ccc(C(F)(F)F)cc1,7.0,basic
N[C@H]1C[C@]1(F)c1ccccc1,7.349999905,basic
ONc1cc[n+](O)c2ccccc12,3.890000105,basic
ONc1ccnc2ccccc12,6.760000229,basic
[O-][n+]1ccc(O)cc1,5.760000229,acidic
[O-][n+]1ccccc1O,5.980000019,acidic
Oc1c(Cl)cc(Cl)c(Cl)c1Cl,5.699999809,acidic
Sc1ccc(Cl)c(Cl)c1,5.480000019,acidic
Sc1ccc(Cl)cc1,5.820000172,acidic
Sc1ccccc1,6.485000134,acidic
c1cc(N2CCOCC2)ccc1N1CCCCC1,6.699999809,basic
c1cc2c(cc1CN1CCC1)OCO2,9.5,basic
c1cc2c(cc1CN1CCCC1)OCO2,9.699999809,basic
c1cc2c(cc1CN1CCOCC1)OCO2,7.0,basic
c1ccc(-c2cc3c(-c4ccccc4)ccnc3c3ncccc23)cc1,4.690000057,basic
c1ccc(-c2ccncc2)cc1,5.300000191,basic
c1ccc(-c2cnc[nH]2)cc1,6.050000191,basic
c1ccc(-c2nn[nH]n2)cc1,4.363333225,acidic
c1ccc(C2CCCN2)cc1,9.600000381,basic
c1ccc(C2CN2)cc1,6.46999979,basic
c1ccc(CC2CCCN2)cc1,10.35000038,basic
c1ccc(CNc2nccs2)cc1,5.150000095,basic
c1ccc(CSc2ccncc2)cc1,5.409999847,basic
c1ccc(CN(Cc2ccccc2)Cc2ccccc2)cc1,7.440000057,basic
c1ccc(Oc2ccnc3c2ccc2c(Oc4ccccc4)ccnc23)cc1,5.340000153,basic
c1ccc2[nH]cnc2c1,5.510000229,basic
c1ccc2c3c([nH]c2c1)CNCC3,8.399999619,basic
c1ccc2cc3[nH]cnc3cc2c1,5.239999771,basic
c1ccc2cc3nc4c(ccn5ccnc45)cc3cc2c1,2.430000067,basic
c1ccn(-c2ncc[nH]2)c1,5.360000134,basic
c1cnc(OC[C@H]2C[C@H](c3ccc(CN4CCCC4)cc3)C2)nc1,9.800000191,basic
c1cnc2c(c1)CCCC2,6.599999905,basic
c1cnc2c(c1)c1c(c3cccnc32)CCCC1,5.300000191,basic
c1coc(C2CN3CCC2CC3)c1,10.02999973,basic
c1cscn1,2.539999962,basic
c1nc2c(ccc3c4c(cnc32)CCCC4)c2c1CCCC2,6.230000019,basic
c1nn[nH]n1,4.815000057,acidic
O=C(O)c1coc2ccccc2c1=O,8.85,acidic
Nc1cccc2nc(Cc3ccccc3)[nH]c12,8.6,basic
COc1ccc(O)c(=O)cc1,7.75,acidic
COc1ccc2[nH]c3c(c2c1)CCN=C3C,9.21,basic
C/N=C1/CCCCC1C,9.47,basic
O=C1CCCC2CCCC(O)=C12,11.13,acidic
Cc1cccc(C)c1COc1cccn2c(C)c(C)nc12,7.41,basic
COc1ccccc(O)c1=O,8.0,acidic
Cc1cccc(N=c2c3ccccc3[nH]c3ccccc23)c1,7.52,basic
N=C(O)CCCCCCCc1ccc(N=c2c3ccccc3[nH]c3ccccc23)cc1,7.7,basic
N=C(O)CCCCCc1ccc(N=c2c3ccccc3[nH]c3ccccc23)cc1,7.7,basic
N=C(O)CCCc1ccc(N=c2c3ccccc3[nH]c3ccccc23)cc1,7.67,basic
Cc1cc(C#N)cc(C)c1O,8.27,acidic
Cc1cnc(NCCc2ccccc2)c(=O)n1CC(O)=NCc1ccc2c(=N)[nH]oc2c1,8.6,basic
N=C(O)Cc1ccc(N=c2c3ccccc3[nH]c3ccccc23)cc1,7.43,basic
Cc1nc(CO)[nH]c1C,7.88,basic
Cc1nc2cccc(N)c2[nH]1,8.1,basic
Cc1cc(Cl)n(C)c2nc3ccccc3c1-2,7.45,basic
CCc1[nH]c(=N)[nH]c(=N)c1-c1ccc2c(c1)N(CCCOC)C(=O)C(C)(c1cc(F)cc(F)c1)O2,8.0,basic
CCc1[nH]c(=N)[nH]c(=N)c1-c1ccc2c(c1)N(CCN=C(C)O)C(=O)C(C)(C)O2,8.0,basic
Cc1nc2c3c(ccn2c1C)CCC(c1ccccc1)O3,7.73,basic
CCn1c(-c2ccc(OC)cc2)cs/c1=N/c1ccc2oc(=O)ccc2c1,7.63,basic
CCCSC(=O)CCCc1cnc[nH]1,7.55,basic
CC1=NCCCC1,9.57,basic
C/C(=C\c1ccccn1)[C@@H]1C[C@@H]2O[C@]2(C)CCC[C@H](C)[C@H](O)[C@@H](C)C(=O)C(C)(C)[C@@H](O)CC(=O)O1,5.0,basic
C1=C(c2ccc3ccccc3c2)N2CCN=C2c2ccccc21,10.19999981,basic
CC#CCn1c(N2CCNCC2)c(C#N)c2ncn(CC(=O)c3cccc(OC)c3)c(=O)c21,8.199999809,basic
CC(=O)N1CCN(c2ccc(OCc3cc4cnc(C#N)nc4n3CCC3CCC(F)(F)CC3)cc2)CC1,3.599999905,basic
CC(=O)n1cc(C2=C(O)CC(C)(C)CC2=O)c2ccccc21,5.199999809,acidic
CC(C)(C)Cn1c(CN2C(=O)CC3(CCNCC3)C2=O)cc2cnc(C#N)nc21,9.199999809,basic
CC(C)(C)NC[C@H](O)c1cc(Cl)c(N)c(Cl)c1,9.699999809,basic
CC(C)Cn1cnc2c(N)nc3ccccc3c21,7.239999771,basic
CC(C)N(CCc1c[nH]c2ccccc12)Cc1ccc(CCC(=O)N=O)cc1,8.659999847,basic
CCCCCCCCc1ccc(CCC(N)(CO)CO)cc1,8.520000458,basic
CCOC(=O)N1CCC(C)(CN2CCC3(CC2)CN(S(C)(=O)=O)c2ncccc23)CC1,8.5,basic
CCOc1ccc2nc(S(N)(=O)=O)sc2c1,8.355999947,acidic
CCc1cc(Br)ccc1S(=O)(=O)NCc1ccccc1,10.60000038,acidic
CCc1ncnc(NC(CC)c2ccc(Oc3ccc(F)cc3)cc2)c1Br,4.300000191,basic
CN1C(=O)Cn2cc(C(=O)NCc3ccc(Cl)cc3)c(=O)c3cc(CN4CCOCC4)cc1c32,6.199999809,basic
CNC(=O)c1c(NCC2CCC3(CCC3)CC2)nc(C#N)nc1OC1CC(C)(C)NC(C)(C)C1,9.199999809,basic
CNC(=O)c1ccc(Oc2ccc3c(c2)CCN(C2CCC2)CC3)nc1,8.600000381,basic
CNC(=O)c1nc(-c2ccc(Cl)c(S(=O)(=O)Nc3cccc(F)c3C)c2)cnc1N,7.599999905,acidic
COC(=O)/C=C/C(=O)O,2.900000095,acidic
COC(=O)c1ccc2[nH]cc(CN3CCCC4(CCN(c5nc(C)cc(C)n5)CC4)C3=O)c2c1,4.800000191,basic
COc1ccc(-c2c(C)nc3c(-c4ccccn4)cnn3c2N)cc1,6.070000172,basic
COc1ccc(NS(=O)(=O)c2ccc(-n3cccn3)cc2)cc1OC,8.300000191,acidic
COc1ccc(Nc2ccc3ccccc3n2)cc1,6.5,basic
COc1cccc(-c2nnc3n(Cc4ccccc4Cl)c(=O)c4ccccc4n23)c1O,8.399999619,acidic
CS(=O)(=O)Nn1c(=O)[nH]c2cc(C(F)(F)F)c(N)cc2c1=O,8.600000381,acidic
CS(=O)(=O)Nn1c(=O)[nH]c2cc(C(F)(F)F)c(N3CCOCC3)cc2c1=O,8.350000381,acidic
CS(=O)(=O)c1ccc(-c2cnc(N)c(-c3ccc(C(F)(F)F)nc3)c2)cc1,4.800000191,basic
CS(=O)(=O)c1ccc(-c2nc3c(c(=O)[nH]2)COCC3)cc1,7.309999943,acidic
CS(=O)(=O)c1ccc(C(=O)Nc2ccc(Cl)c(-c3ccccn3)c2)c(Cl)c1,3.839999914,basic
C[C@@H](NC(=O)c1cc(C(=O)N[C@@H](Cc2ccccc2)[C@H](O)CNC2CC2)cc(N(C)S(C)(=O)=O)c1)c1ccc(F)cc1,7.699999809,basic
Cc1[nH]c2ccccc2c1CCNCc1ccc(CCC(=O)N=O)cc1,8.600000381,basic
Cc1cc(C(=O)CN2CCCC2)c(C)n1-c1ccc(F)cc1,9.0,basic
Cc1cc(=N)[nH]c2ccccc12,7.9,basic
Cc1ccc(C)c(CN2C(=O)CCCC23CCN(c2cnc4ccccc4n2)CC3)c1,3.400000095,basic
Cc1ccc(C)n1-c1ccc(Cl)cc1C(=O)O,3.349999905,acidic
Cc1ccnc(N2CCC3(CCCN(Cc4c[nH]c5ccccc45)C3=O)CC2)n1,4.199999809,basic
Cc1csc2ncnc(NCCc3ccc(Cl)cc3)c12,3.900000095,basic
Cc1nc(C#Cc2ccnc(Cl)c2)c(C)n1-c1ccc(F)cc1,4.349999905,basic
CN(C)Cc1ccc(-c2cc3onc(-c4ccccc4)c3c(=O)n2C)cc1,8.375,basic
Cn1c(=O)n(NS(C)(=O)=O)c(=O)c2ccc(Cl)cc21,6.800000191,acidic
Cn1cc(C(=O)O)c(=O)c2ccccc21,6.5,acidic
Ic1cccc(-c2nn[nH]n2)c1,3.700000048,acidic
N#Cc1c(-c2ccc(Cl)cc2)nc(SCC(=O)Nc2ccc(Cl)cc2)[nH]c1=O,3.700000048,acidic
NC(=O)c1cccc(-c2cc(Nc3ccc(OC(F)(F)F)cc3)ncn2)c1,4.0,basic
Nc1n[nH]c2cc(Br)ccc12,2.900000095,basic
O=C(NC(=O)c1ccccc1)c1ccccc1,9.899999619,acidic
O=C(Nc1ccccc1C(=O)O)c1cccc(Oc2ccccc2)c1,3.299999952,acidic
O=C(Nc1nccs1)C(CC1CCCC1)c1ccc(Cl)cc1,10.5,acidic
O=C(O)COc1ccc(Cl)cc1C1CCCCC1,3.50999999,acidic
O=C(O)CSc1ncnc2cc(-c3ccc(Br)cc3)sc12,3.5,acidic
O=C(O)c1ccc(NC(=O)c2cn(-c3ccccc3)nc2-c2ccc(Cl)cc2)cc1,4.199999809,acidic
O=C(O)c1ccccc1Nc1cc(C(F)(F)F)cc(C(F)(F)F)c1,3.900000095,acidic
O=C(O)c1ccccc1Nc1ccc(CCc2ccc(Cl)c(Cl)c2)cc1,4.389999866,acidic
O=C1CCCC2(CCN(c3cnc4ccccc4n3)CC2)N1Cc1c[nH]c2ccccc12,3.299999952,basic
O=C1CCCC2(CCN(c3cnc4ccccc4n3)CC2)N1Cc1ccccc1,3.299999952,basic
O=C1N(Cc2c[nH]c3ccccc23)CCCC12CCN(c1cnc3ccccc3n1)CC2,3.900000095,basic
O=S(=O)(c1ccccc1)N(CC(F)(F)F)c1ccc(C(O)(C(F)(F)F)C(F)(F)F)cc1,8.199999809,acidic
O=c1[nH]c(-c2ccc(C(F)(F)F)cc2)nc2c1CCOC2,7.869999886,acidic
NC(CO)c1ccccc1,8.399999619,basic
c1ccc(N2CCNCC2)cc1,9.0,basic
CC(=O)CC1CCCCN1,9.5,basic
CC(C)n1c(/C=C/[C@H](O)C[C@H](O)CC(=O)O)c(-c2ccc(F)cc2)c2ccccc21,4.309999943,acidic
CC1(C)CC(=O)CC(C)(C)N1,7.900000095,basic
CC1=CCN2CCC[C@@H]12,10.55000019,basic
CCCOC(=O)NCCCN(C)C,9.479999542,basic
CCOC(=O)[C@@H]1CN(Cc2ccccc2)C[C@@H]1C(F)(F)F,5.400000095,basic
CCN1CCCC1CNC(=O)c1cc(S(=O)(=O)CC)c(N)cc1OC,9.300000191,basic
COc1ccc2c3c1O[C@H]1[C@@H](O)C=CC4[C@@H](C2)NCC[C@@]341,9.229999542,basic
COc1cccc(C[C@H](C)N)c1,9.859999657,basic
C[C@H](CCC(=O)O)C1CC[C@H]2C3[C@@H](O)C[C@@H]4C[C@H](O)CC[C@]4(C)[C@H]3CC[C@]12C,5.039999962,acidic
C[C@H](CCC(=O)O)C1CC[C@H]2C3[C@H](CC[C@]12C)[C@@]1(C)CC[C@@H](O)C[C@H]1C[C@H]3O,5.03000021,acidic
CN(C)CCCC#N,8.699999809,basic
CN(C)CCCCSc1ccccc1,9.800000191,basic
CN[C@H](C)[C@@H](O)c1ccccc1,9.729999542,basic
Cc1cc(Cl)ccc1O[C@H](C)C(=O)O,3.210000038,acidic
Cc1cccc(-n2ncc(C(=O)Nc3nccs3)c2C2CCNCC2)c1,10.0,basic
Cn1nnnc1SCC1CS[C@@H]2C(=NC(=O)[C@H](O)c3ccccc3)C(=O)N2C1C(=O)O,3.400000095,acidic
FC(F)(F)c1cccc(N2CCN(C3C4CC5CC(C4)CC3C5)CC2)c1,7.449999809,basic
FC1CCNC1,9.399999619,basic
NCCS(=O)(=O)c1ccccc1,7.800000191,basic
O=C(O)c1ccccc1Nc1cccc(C(F)(F)F)c1,4.090000153,acidic
O=C(O)c1nc(Cl)ccc1Cl,2.319999933,acidic
O=C1CCCN1CC#CCN1CCCC1,8.399999619,basic
NCCCCS(=O)(=O)c1ccccc1,10.0,basic
NCCSc1ccccc1,9.0,basic
O=c1[nH]c(=S)[nH]c2ccccc12,8.14,acidic
